fighter_id,gate,state,authority
ember-vale,G0,PASS_WITH_EVIDENCE,DATA COMPLETE
ember-vale,G1,PASS_WITH_EVIDENCE,RIG COMPLETE
ember-vale,G2,PASS_WITH_EVIDENCE,STATE COVERAGE COMPLETE
ember-vale,G3,PASS_WITH_EVIDENCE,MOVE ANIMATION COMPLETE
ember-vale,G4,PASS_WITH_EVIDENCE,HITBOX / FRAME SYNC COMPLETE
ember-vale,G5,PASS_WITH_EVIDENCE,VFX / SFX COMPLETE
ember-vale,G6,REQUIRES_HUMAN,VISUAL READABILITY COMPLETE
ember-vale,G7,REQUIRES_PHYSICAL,PIXEL PHYSICAL PASS
ember-vale,G8,REQUIRES_HUMAN,HUMAN FEEL PASS
ember-vale,G9,REQUIRES_HUMAN,FINAL ART APPROVED
rook-ironside,G0,PASS_WITH_EVIDENCE,DATA COMPLETE
rook-ironside,G1,PASS_WITH_EVIDENCE,RIG COMPLETE
rook-ironside,G2,PASS_WITH_EVIDENCE,STATE COVERAGE COMPLETE
rook-ironside,G3,PASS_WITH_EVIDENCE,MOVE ANIMATION COMPLETE
rook-ironside,G4,PASS_WITH_EVIDENCE,HITBOX / FRAME SYNC COMPLETE
rook-ironside,G5,PASS_WITH_EVIDENCE,VFX / SFX COMPLETE
rook-ironside,G6,REQUIRES_HUMAN,VISUAL READABILITY COMPLETE
rook-ironside,G7,REQUIRES_PHYSICAL,PIXEL PHYSICAL PASS
rook-ironside,G8,REQUIRES_HUMAN,HUMAN FEEL PASS
rook-ironside,G9,REQUIRES_HUMAN,FINAL ART APPROVED
juno-spark,G0,PASS_WITH_EVIDENCE,DATA COMPLETE
juno-spark,G1,PASS_WITH_EVIDENCE,RIG COMPLETE
juno-spark,G2,PASS_WITH_EVIDENCE,STATE COVERAGE COMPLETE
juno-spark,G3,PASS_WITH_EVIDENCE,MOVE ANIMATION COMPLETE
juno-spark,G4,PASS_WITH_EVIDENCE,HITBOX / FRAME SYNC COMPLETE
juno-spark,G5,PASS_WITH_EVIDENCE,VFX / SFX COMPLETE
juno-spark,G6,REQUIRES_HUMAN,VISUAL READABILITY COMPLETE
juno-spark,G7,REQUIRES_PHYSICAL,PIXEL PHYSICAL PASS
juno-spark,G8,REQUIRES_HUMAN,HUMAN FEEL PASS
juno-spark,G9,REQUIRES_HUMAN,FINAL ART APPROVED
kaia-windrow,G0,PASS_WITH_EVIDENCE,DATA COMPLETE
kaia-windrow,G1,PASS_WITH_EVIDENCE,RIG COMPLETE
kaia-windrow,G2,PASS_WITH_EVIDENCE,STATE COVERAGE COMPLETE
kaia-windrow,G3,PASS_WITH_EVIDENCE,MOVE ANIMATION COMPLETE
kaia-windrow,G4,PASS_WITH_EVIDENCE,HITBOX / FRAME SYNC COMPLETE
kaia-windrow,G5,PASS_WITH_EVIDENCE,VFX / SFX COMPLETE
kaia-windrow,G6,REQUIRES_HUMAN,VISUAL READABILITY COMPLETE
kaia-windrow,G7,REQUIRES_PHYSICAL,PIXEL PHYSICAL PASS
kaia-windrow,G8,REQUIRES_HUMAN,HUMAN FEEL PASS
kaia-windrow,G9,REQUIRES_HUMAN,FINAL ART APPROVED
nix-calder,G0,PASS_WITH_EVIDENCE,DATA COMPLETE
nix-calder,G1,PASS_WITH_EVIDENCE,RIG COMPLETE
nix-calder,G2,PASS_WITH_EVIDENCE,STATE COVERAGE COMPLETE
nix-calder,G3,PASS_WITH_EVIDENCE,MOVE ANIMATION COMPLETE
nix-calder,G4,PASS_WITH_EVIDENCE,HITBOX / FRAME SYNC COMPLETE
nix-calder,G5,PASS_WITH_EVIDENCE,VFX / SFX COMPLETE
nix-calder,G6,REQUIRES_HUMAN,VISUAL READABILITY COMPLETE
nix-calder,G7,REQUIRES_PHYSICAL,PIXEL PHYSICAL PASS
nix-calder,G8,REQUIRES_HUMAN,HUMAN FEEL PASS
nix-calder,G9,REQUIRES_HUMAN,FINAL ART APPROVED
orion-vell,G0,PASS_WITH_EVIDENCE,DATA COMPLETE
orion-vell,G1,PASS_WITH_EVIDENCE,RIG COMPLETE
orion-vell,G2,PASS_WITH_EVIDENCE,STATE COVERAGE COMPLETE
orion-vell,G3,PASS_WITH_EVIDENCE,MOVE ANIMATION COMPLETE
orion-vell,G4,PASS_WITH_EVIDENCE,HITBOX / FRAME SYNC COMPLETE
orion-vell,G5,PASS_WITH_EVIDENCE,VFX / SFX COMPLETE
orion-vell,G6,REQUIRES_HUMAN,VISUAL READABILITY COMPLETE
orion-vell,G7,REQUIRES_PHYSICAL,PIXEL PHYSICAL PASS
orion-vell,G8,REQUIRES_HUMAN,HUMAN FEEL PASS
orion-vell,G9,REQUIRES_HUMAN,FINAL ART APPROVED
vesper-nyx,G0,PASS_WITH_EVIDENCE,DATA COMPLETE
vesper-nyx,G1,PASS_WITH_EVIDENCE,RIG COMPLETE
vesper-nyx,G2,PASS_WITH_EVIDENCE,STATE COVERAGE COMPLETE
vesper-nyx,G3,PASS_WITH_EVIDENCE,MOVE ANIMATION COMPLETE
vesper-nyx,G4,PASS_WITH_EVIDENCE,HITBOX / FRAME SYNC COMPLETE
vesper-nyx,G5,PASS_WITH_EVIDENCE,VFX / SFX COMPLETE
vesper-nyx,G6,REQUIRES_HUMAN,VISUAL READABILITY COMPLETE
vesper-nyx,G7,REQUIRES_PHYSICAL,PIXEL PHYSICAL PASS
vesper-nyx,G8,REQUIRES_HUMAN,HUMAN FEEL PASS
vesper-nyx,G9,REQUIRES_HUMAN,FINAL ART APPROVED
yin,G0,PASS_WITH_EVIDENCE,DATA COMPLETE
yin,G1,AUTHORED_WIP,RIG COMPLETE
yin,G2,PROCEDURAL_FALLBACK,STATE COVERAGE COMPLETE
yin,G3,REQUIRES_HUMAN,MOVE ANIMATION COMPLETE
yin,G4,PASS_WITH_EVIDENCE,HITBOX / FRAME SYNC COMPLETE
yin,G5,PASS_WITH_EVIDENCE,VFX / SFX COMPLETE
yin,G6,REQUIRES_HUMAN,VISUAL READABILITY COMPLETE
yin,G7,REQUIRES_PHYSICAL,PIXEL PHYSICAL PASS
yin,G8,REQUIRES_HUMAN,HUMAN FEEL PASS
yin,G9,REQUIRES_HUMAN,FINAL ART APPROVED
yang,G0,PASS_WITH_EVIDENCE,DATA COMPLETE
yang,G1,AUTHORED_WIP,RIG COMPLETE
yang,G2,PROCEDURAL_FALLBACK,STATE COVERAGE COMPLETE
yang,G3,REQUIRES_HUMAN,MOVE ANIMATION COMPLETE
yang,G4,PASS_WITH_EVIDENCE,HITBOX / FRAME SYNC COMPLETE
yang,G5,PASS_WITH_EVIDENCE,VFX / SFX COMPLETE
yang,G6,REQUIRES_HUMAN,VISUAL READABILITY COMPLETE
yang,G7,REQUIRES_PHYSICAL,PIXEL PHYSICAL PASS
yang,G8,REQUIRES_HUMAN,HUMAN FEEL PASS
yang,G9,REQUIRES_HUMAN,FINAL ART APPROVED
