id,item,class,status
P0,Preflight runtime map present,AUTOMATABLE,PASS
P1,Roster authority aggregator v1.3,AUTOMATABLE,PASS
P2,9 fighters in DEFAULT_FIGHTERS,AUTOMATABLE,PASS
P3,Yin/Yang TUNING_CANDIDATE not APPROVED_BASELINE,AUTOMATABLE,PASS
P4,999 authored authority slots,AUTOMATABLE,PASS
P5,0 procedural fallbacks on authority slots,AUTOMATABLE,PASS
P6,216 move matrix resolves,AUTOMATABLE,PASS
P7,168 spectrum move subset preserved,AUTOMATABLE,PASS
P8,Body variant reaches battle appearance,AUTOMATABLE,PASS
P9,Male/female mesh proportion difference,AUTOMATABLE,PASS
P10,Story campaign UI route,AUTOMATABLE,PASS
P11,Essence 0/1/2/4/6 state machine,AUTOMATABLE,PASS
P12,Black/White puppet presentation,AUTOMATABLE,PASS
P13,Prismatic Gray presentation marker,AUTOMATABLE,PASS
P14,Seven Gray routes unlock Yin/Yang,AUTOMATABLE,PASS
P15,Dev override for cosmic QA,AUTOMATABLE,PASS
P16,Character select gates locked cosmic,AUTOMATABLE,PASS
P17,18 body presentations registered,AUTOMATABLE,PASS
P18,PartyLink seat body_variant preserved,AUTOMATABLE,PASS
P19,Web battle uses bodyVariant in appearance key,AUTOMATABLE,PASS
P20,Yin motion law = reduction,AUTOMATABLE,PASS
P21,Yang motion law = definition,AUTOMATABLE,PASS
P22,Android exact-head build,AUTOMATABLE,BLOCKED_DISK_OR_TOOLING
P23,Pixel physical review,PHYSICAL,BLOCKED_NO_DEVICE
P24,Human feel review,HUMAN,FALSE
P25,Final art approval,HUMAN,FALSE
P26,Merge authorized,HUMAN,FALSE
P27,VFX identity per fighter,AUTOMATABLE,PARTIAL
P28,SFX identity per fighter,AUTOMATABLE,PARTIAL
P29,Story draft narrative playable,AUTOMATABLE,PASS
P30,CI animation authority green on tip,AUTOMATABLE,PENDING_PUSH
P31,Draft PR #118 remains draft,AUTOMATABLE,PASS
