fighter_id,move_id,family,first_contact_frame,total_frames,status,foot_plant,final_authored_animation_approved,hash,normal_input_capture_observations,rendered_capture_status,contact_geometry_validation,secondary_motion,human_taste_approved
ember-vale,jab_1,strike,4,12,EXPLICIT_KEY_POSE_CANDIDATE_RUNTIME,counter-rotated feet; final IK/foot-slip review pending,False,ca2ceea67a752faa364d80ea4c3853519dd29b7c5d30f52700819fcd296ea7c0,before_ember-vale;ember-vale,OBSERVED_IN_AUTOMATED_INPUT,PENDING_ALL_MOVE_SCREEN_SPACE_MEASUREMENT,PENDING_INDEPENDENT_HAIR_CLOTH_ARMOR,False
ember-vale,jab_2,strike,4,13,EXPLICIT_KEY_POSE_CANDIDATE_RUNTIME,counter-rotated feet; final IK/foot-slip review pending,False,c11ebd25a8eff49f762f56e010a57d2f5d28521470b15d4b8f929334378abc53,before_ember-vale;ember-vale,OBSERVED_IN_AUTOMATED_INPUT,PENDING_ALL_MOVE_SCREEN_SPACE_MEASUREMENT,PENDING_INDEPENDENT_HAIR_CLOTH_ARMOR,False
ember-vale,jab_finisher,strike,5,18,EXPLICIT_KEY_POSE_CANDIDATE_RUNTIME,counter-rotated feet; final IK/foot-slip review pending,False,88e82a941e1e04bb64aebb81fc3f9bf404c64a164286352ebd120ebb42fc6a22,before_ember-vale;ember-vale,OBSERVED_IN_AUTOMATED_INPUT,PENDING_ALL_MOVE_SCREEN_SPACE_MEASUREMENT,PENDING_INDEPENDENT_HAIR_CLOTH_ARMOR,False
ember-vale,forward_tilt,strike,6,19,EXPLICIT_KEY_POSE_CANDIDATE_RUNTIME,counter-rotated feet; final IK/foot-slip review pending,False,b6e374d7573884ce96264a9f6bdce488ae6ae267bcdad9bb81c72fd221f5e41c,,NOT_OBSERVED_IN_THIS_CAPTURE_SET,PENDING_ALL_MOVE_SCREEN_SPACE_MEASUREMENT,PENDING_INDEPENDENT_HAIR_CLOTH_ARMOR,False
ember-vale,up_tilt,up,6,19,EXPLICIT_KEY_POSE_CANDIDATE_RUNTIME,counter-rotated feet; final IK/foot-slip review pending,False,ff17d33d141e91851d878d8ee1cd0abd03dc48bead733d8b52fe7726ec28952c,,NOT_OBSERVED_IN_THIS_CAPTURE_SET,PENDING_ALL_MOVE_SCREEN_SPACE_MEASUREMENT,PENDING_INDEPENDENT_HAIR_CLOTH_ARMOR,False
ember-vale,down_tilt,down,5,17,EXPLICIT_KEY_POSE_CANDIDATE_RUNTIME,counter-rotated feet; final IK/foot-slip review pending,False,85f1db38d00e5c5501e7208bf10ae452524ead803bbacce4269007d2c7ef04c6,,NOT_OBSERVED_IN_THIS_CAPTURE_SET,PENDING_ALL_MOVE_SCREEN_SPACE_MEASUREMENT,PENDING_INDEPENDENT_HAIR_CLOTH_ARMOR,False
ember-vale,dash_attack,strike,6,24,EXPLICIT_KEY_POSE_CANDIDATE_RUNTIME,counter-rotated feet; final IK/foot-slip review pending,False,b8d61dd9ddd3a3717e073ed86d2a471b4ad9b7eb5e973c234d8a719c1fef593b,before_ember-vale;ember-vale,OBSERVED_IN_AUTOMATED_INPUT,PENDING_ALL_MOVE_SCREEN_SPACE_MEASUREMENT,PENDING_INDEPENDENT_HAIR_CLOTH_ARMOR,False
ember-vale,heavy_attack,heavy,9,30,EXPLICIT_KEY_POSE_CANDIDATE_RUNTIME,counter-rotated feet; final IK/foot-slip review pending,False,c5e8dc354fbf6bf1d1d4b68000214dc8e5036e6616cdbe23f1495ce80fc98b2d,before_ember-vale;ember-vale,OBSERVED_IN_AUTOMATED_INPUT,PENDING_ALL_MOVE_SCREEN_SPACE_MEASUREMENT,PENDING_INDEPENDENT_HAIR_CLOTH_ARMOR,False
ember-vale,neutral_air,aerial,4,15,EXPLICIT_KEY_POSE_CANDIDATE_RUNTIME,counter-rotated feet; final IK/foot-slip review pending,False,b59a5feb57fc5947acf6b921e8270eec4f2759b152c86abf7fe6b53d1fce524e,,NOT_OBSERVED_IN_THIS_CAPTURE_SET,PENDING_ALL_MOVE_SCREEN_SPACE_MEASUREMENT,PENDING_INDEPENDENT_HAIR_CLOTH_ARMOR,False
ember-vale,forward_air,aerial,5,17,EXPLICIT_KEY_POSE_CANDIDATE_RUNTIME,counter-rotated feet; final IK/foot-slip review pending,False,1e4a7899f2fc0a8c18e9a9b72789ef5749c9e7c0807faf5711324f3cfc63c9a7,before_ember-vale;ember-vale,OBSERVED_IN_AUTOMATED_INPUT,PENDING_ALL_MOVE_SCREEN_SPACE_MEASUREMENT,PENDING_INDEPENDENT_HAIR_CLOTH_ARMOR,False
ember-vale,back_air,aerial,5,17,EXPLICIT_KEY_POSE_CANDIDATE_RUNTIME,counter-rotated feet; final IK/foot-slip review pending,False,7b8107d6c6399f083d8b517b55c264c284e0ad18f9a73a66bdc63d42b0d9ba6c,,NOT_OBSERVED_IN_THIS_CAPTURE_SET,PENDING_ALL_MOVE_SCREEN_SPACE_MEASUREMENT,PENDING_INDEPENDENT_HAIR_CLOTH_ARMOR,False
ember-vale,up_air,aerial,5,17,EXPLICIT_KEY_POSE_CANDIDATE_RUNTIME,counter-rotated feet; final IK/foot-slip review pending,False,1e4a7899f2fc0a8c18e9a9b72789ef5749c9e7c0807faf5711324f3cfc63c9a7,,NOT_OBSERVED_IN_THIS_CAPTURE_SET,PENDING_ALL_MOVE_SCREEN_SPACE_MEASUREMENT,PENDING_INDEPENDENT_HAIR_CLOTH_ARMOR,False
ember-vale,down_air,aerial,5,17,EXPLICIT_KEY_POSE_CANDIDATE_RUNTIME,counter-rotated feet; final IK/foot-slip review pending,False,1e4a7899f2fc0a8c18e9a9b72789ef5749c9e7c0807faf5711324f3cfc63c9a7,,NOT_OBSERVED_IN_THIS_CAPTURE_SET,PENDING_ALL_MOVE_SCREEN_SPACE_MEASUREMENT,PENDING_INDEPENDENT_HAIR_CLOTH_ARMOR,False
ember-vale,neutral_special_projectile,projectile,6,21,EXPLICIT_KEY_POSE_CANDIDATE_RUNTIME,counter-rotated feet; final IK/foot-slip review pending,False,24c92be5805a3587441b214b7eff7b57a22198129e3d5c4f281b6b0b14c2730a,before_ember-vale;ember-vale,OBSERVED_IN_AUTOMATED_INPUT,PENDING_ALL_MOVE_SCREEN_SPACE_MEASUREMENT,PENDING_INDEPENDENT_HAIR_CLOTH_ARMOR,False
ember-vale,side_special,strike,7,26,EXPLICIT_KEY_POSE_CANDIDATE_RUNTIME,counter-rotated feet; final IK/foot-slip review pending,False,6e7d5b7f926c587e7eaa4ad3a4f2aa0ae9d8dc2ed7d041b972c9340fcbd4ea67,,NOT_OBSERVED_IN_THIS_CAPTURE_SET,PENDING_ALL_MOVE_SCREEN_SPACE_MEASUREMENT,PENDING_INDEPENDENT_HAIR_CLOTH_ARMOR,False
ember-vale,up_special_recovery,up,6,27,EXPLICIT_KEY_POSE_CANDIDATE_RUNTIME,counter-rotated feet; final IK/foot-slip review pending,False,d4a85aa16eb496dd757c04e6e8f542bc35057b036ba84e3280deb66da7bc950f,,NOT_OBSERVED_IN_THIS_CAPTURE_SET,PENDING_ALL_MOVE_SCREEN_SPACE_MEASUREMENT,PENDING_INDEPENDENT_HAIR_CLOTH_ARMOR,False
ember-vale,down_special,down,8,32,EXPLICIT_KEY_POSE_CANDIDATE_RUNTIME,counter-rotated feet; final IK/foot-slip review pending,False,5d75ab45fdb254cd5cfd14004bd18cddd297da7e9e042594d8e79f6b02c400d7,,NOT_OBSERVED_IN_THIS_CAPTURE_SET,PENDING_ALL_MOVE_SCREEN_SPACE_MEASUREMENT,PENDING_INDEPENDENT_HAIR_CLOTH_ARMOR,False
ember-vale,grab,strike,6,26,EXPLICIT_KEY_POSE_CANDIDATE_RUNTIME,counter-rotated feet; final IK/foot-slip review pending,False,423cb98c2271bfbfbb66b106dc2f2892f56807164990107f46446972441c044f,,NOT_OBSERVED_IN_THIS_CAPTURE_SET,PENDING_ALL_MOVE_SCREEN_SPACE_MEASUREMENT,PENDING_INDEPENDENT_HAIR_CLOTH_ARMOR,False
ember-vale,throw_forward,strike,5,18,EXPLICIT_KEY_POSE_CANDIDATE_RUNTIME,counter-rotated feet; final IK/foot-slip review pending,False,864f2fcfe7b51d3bd54c8c5ddd949c58a6596811e3c6761ae83fbea96ed4fff3,,NOT_OBSERVED_IN_THIS_CAPTURE_SET,PENDING_ALL_MOVE_SCREEN_SPACE_MEASUREMENT,PENDING_INDEPENDENT_HAIR_CLOTH_ARMOR,False
ember-vale,throw_back,strike,6,20,EXPLICIT_KEY_POSE_CANDIDATE_RUNTIME,counter-rotated feet; final IK/foot-slip review pending,False,f17555eba3d75688b472ef714fcb22c5a3f817d79664e2a068140c771842a3a6,,NOT_OBSERVED_IN_THIS_CAPTURE_SET,PENDING_ALL_MOVE_SCREEN_SPACE_MEASUREMENT,PENDING_INDEPENDENT_HAIR_CLOTH_ARMOR,False
ember-vale,throw_up,strike,5,18,EXPLICIT_KEY_POSE_CANDIDATE_RUNTIME,counter-rotated feet; final IK/foot-slip review pending,False,864f2fcfe7b51d3bd54c8c5ddd949c58a6596811e3c6761ae83fbea96ed4fff3,,NOT_OBSERVED_IN_THIS_CAPTURE_SET,PENDING_ALL_MOVE_SCREEN_SPACE_MEASUREMENT,PENDING_INDEPENDENT_HAIR_CLOTH_ARMOR,False
ember-vale,throw_down,strike,6,22,EXPLICIT_KEY_POSE_CANDIDATE_RUNTIME,counter-rotated feet; final IK/foot-slip review pending,False,b7c5e448b5d5cbd3a6d4b2393ab7fdd4d5967d23b994179d6ca2129e0cea4993,,NOT_OBSERVED_IN_THIS_CAPTURE_SET,PENDING_ALL_MOVE_SCREEN_SPACE_MEASUREMENT,PENDING_INDEPENDENT_HAIR_CLOTH_ARMOR,False
ember-vale,aura_charge,strike,1,0,EXPLICIT_KEY_POSE_CANDIDATE_RUNTIME,counter-rotated feet; final IK/foot-slip review pending,False,bce45823ff2103ce91074f95652a461626bcc98c34e51ed9008b9cdacd629423,,NOT_OBSERVED_IN_THIS_CAPTURE_SET,PENDING_ALL_MOVE_SCREEN_SPACE_MEASUREMENT,PENDING_INDEPENDENT_HAIR_CLOTH_ARMOR,False
ember-vale,aura_burst,projectile,11,40,EXPLICIT_KEY_POSE_CANDIDATE_RUNTIME,counter-rotated feet; final IK/foot-slip review pending,False,68c5718558c7172f1fdceb1cdb46a84a81ecd5ac4baaf84756febcbea0339c20,signature_ember-vale,OBSERVED_IN_AUTOMATED_INPUT,PENDING_ALL_MOVE_SCREEN_SPACE_MEASUREMENT,PENDING_INDEPENDENT_HAIR_CLOTH_ARMOR,False
juno-spark,jab_1,strike,3,9,EXPLICIT_KEY_POSE_CANDIDATE_RUNTIME,counter-rotated feet; final IK/foot-slip review pending,False,a180836a49da07f4ea99998bf8256b7faba2949991948c703e8c9e2248ec7f2a,before_juno-spark;juno-spark,OBSERVED_IN_AUTOMATED_INPUT,PENDING_ALL_MOVE_SCREEN_SPACE_MEASUREMENT,PENDING_INDEPENDENT_HAIR_CLOTH_ARMOR,False
juno-spark,jab_2,strike,3,10,EXPLICIT_KEY_POSE_CANDIDATE_RUNTIME,counter-rotated feet; final IK/foot-slip review pending,False,8396b52f86f4f0e1144887b3cf36e8e72d059a39e2eca938946acab86909f40f,before_juno-spark;juno-spark,OBSERVED_IN_AUTOMATED_INPUT,PENDING_ALL_MOVE_SCREEN_SPACE_MEASUREMENT,PENDING_INDEPENDENT_HAIR_CLOTH_ARMOR,False
juno-spark,jab_finisher,strike,4,14,EXPLICIT_KEY_POSE_CANDIDATE_RUNTIME,counter-rotated feet; final IK/foot-slip review pending,False,dae285ea300390b406bd1793294fbd38758b529126426ecdc88a3799af4e14fb,before_juno-spark;juno-spark,OBSERVED_IN_AUTOMATED_INPUT,PENDING_ALL_MOVE_SCREEN_SPACE_MEASUREMENT,PENDING_INDEPENDENT_HAIR_CLOTH_ARMOR,False
juno-spark,forward_tilt,strike,5,15,EXPLICIT_KEY_POSE_CANDIDATE_RUNTIME,counter-rotated feet; final IK/foot-slip review pending,False,ad5fd1d17f25003e948b8613884affea53f1bfda647d15b82387cb1142f07e97,,NOT_OBSERVED_IN_THIS_CAPTURE_SET,PENDING_ALL_MOVE_SCREEN_SPACE_MEASUREMENT,PENDING_INDEPENDENT_HAIR_CLOTH_ARMOR,False
juno-spark,up_tilt,up,6,19,EXPLICIT_KEY_POSE_CANDIDATE_RUNTIME,counter-rotated feet; final IK/foot-slip review pending,False,c5186cf3dd6afd7df03f1fec88e8ff7bbba51684887e8cfd6c3782301e1325dd,,NOT_OBSERVED_IN_THIS_CAPTURE_SET,PENDING_ALL_MOVE_SCREEN_SPACE_MEASUREMENT,PENDING_INDEPENDENT_HAIR_CLOTH_ARMOR,False
juno-spark,down_tilt,down,5,17,EXPLICIT_KEY_POSE_CANDIDATE_RUNTIME,counter-rotated feet; final IK/foot-slip review pending,False,9b1171d82173fd3fcc2af5f000678c3d4bcd11119b39b36ea3c4f4bde22baa00,,NOT_OBSERVED_IN_THIS_CAPTURE_SET,PENDING_ALL_MOVE_SCREEN_SPACE_MEASUREMENT,PENDING_INDEPENDENT_HAIR_CLOTH_ARMOR,False
juno-spark,dash_attack,strike,5,19,EXPLICIT_KEY_POSE_CANDIDATE_RUNTIME,counter-rotated feet; final IK/foot-slip review pending,False,d888301ecb506a877f348ee1e8a02ce6b32865fa18091e6bc8d60eeb9b7eac36,before_juno-spark;juno-spark,OBSERVED_IN_AUTOMATED_INPUT,PENDING_ALL_MOVE_SCREEN_SPACE_MEASUREMENT,PENDING_INDEPENDENT_HAIR_CLOTH_ARMOR,False
juno-spark,heavy_attack,heavy,9,30,EXPLICIT_KEY_POSE_CANDIDATE_RUNTIME,counter-rotated feet; final IK/foot-slip review pending,False,daeb2c1fc16e3e99420c7bd1f7281b3684ce74e14746cccbcfc3197ec5fc41d4,before_juno-spark;juno-spark,OBSERVED_IN_AUTOMATED_INPUT,PENDING_ALL_MOVE_SCREEN_SPACE_MEASUREMENT,PENDING_INDEPENDENT_HAIR_CLOTH_ARMOR,False
juno-spark,neutral_air,aerial,3,12,EXPLICIT_KEY_POSE_CANDIDATE_RUNTIME,counter-rotated feet; final IK/foot-slip review pending,False,8becf23d8c07695b8f4a60f90b727adba9f02cc274f47da10037135e4e98d83c,,NOT_OBSERVED_IN_THIS_CAPTURE_SET,PENDING_ALL_MOVE_SCREEN_SPACE_MEASUREMENT,PENDING_INDEPENDENT_HAIR_CLOTH_ARMOR,False
juno-spark,forward_air,aerial,4,13,EXPLICIT_KEY_POSE_CANDIDATE_RUNTIME,counter-rotated feet; final IK/foot-slip review pending,False,44de3dc5655454fdfbaba5c0228d0d6acafa05b5235f0a421d72d74ba5b1785f,before_juno-spark;juno-spark,OBSERVED_IN_AUTOMATED_INPUT,PENDING_ALL_MOVE_SCREEN_SPACE_MEASUREMENT,PENDING_INDEPENDENT_HAIR_CLOTH_ARMOR,False
juno-spark,back_air,aerial,4,13,EXPLICIT_KEY_POSE_CANDIDATE_RUNTIME,counter-rotated feet; final IK/foot-slip review pending,False,18a94b7cfc0c2da933df98d9f58e5e3010861e26fbd28cbe8818ea8e556bb38e,,NOT_OBSERVED_IN_THIS_CAPTURE_SET,PENDING_ALL_MOVE_SCREEN_SPACE_MEASUREMENT,PENDING_INDEPENDENT_HAIR_CLOTH_ARMOR,False
juno-spark,up_air,aerial,5,17,EXPLICIT_KEY_POSE_CANDIDATE_RUNTIME,counter-rotated feet; final IK/foot-slip review pending,False,e04183909326a166bc00e3acb55a18060798389a235cadfc1857e813107097ea,,NOT_OBSERVED_IN_THIS_CAPTURE_SET,PENDING_ALL_MOVE_SCREEN_SPACE_MEASUREMENT,PENDING_INDEPENDENT_HAIR_CLOTH_ARMOR,False
juno-spark,down_air,aerial,5,17,EXPLICIT_KEY_POSE_CANDIDATE_RUNTIME,counter-rotated feet; final IK/foot-slip review pending,False,e04183909326a166bc00e3acb55a18060798389a235cadfc1857e813107097ea,,NOT_OBSERVED_IN_THIS_CAPTURE_SET,PENDING_ALL_MOVE_SCREEN_SPACE_MEASUREMENT,PENDING_INDEPENDENT_HAIR_CLOTH_ARMOR,False
juno-spark,neutral_special_projectile,projectile,5,18,EXPLICIT_KEY_POSE_CANDIDATE_RUNTIME,counter-rotated feet; final IK/foot-slip review pending,False,5126d2cf42569a4760a24e6eb180f26270904625397309bc635d6671185f4e12,before_juno-spark;juno-spark,OBSERVED_IN_AUTOMATED_INPUT,PENDING_ALL_MOVE_SCREEN_SPACE_MEASUREMENT,PENDING_INDEPENDENT_HAIR_CLOTH_ARMOR,False
juno-spark,side_special,strike,6,20,EXPLICIT_KEY_POSE_CANDIDATE_RUNTIME,counter-rotated feet; final IK/foot-slip review pending,False,4137ed75cb61d436a20457975ae6c5d874df249bdc88928aedca4efc29e9523a,,NOT_OBSERVED_IN_THIS_CAPTURE_SET,PENDING_ALL_MOVE_SCREEN_SPACE_MEASUREMENT,PENDING_INDEPENDENT_HAIR_CLOTH_ARMOR,False
juno-spark,up_special_recovery,up,5,21,EXPLICIT_KEY_POSE_CANDIDATE_RUNTIME,counter-rotated feet; final IK/foot-slip review pending,False,27e829e81e479200f7b3f1d5d7466031217e33a1ba6892828159f34c6f7958b1,,NOT_OBSERVED_IN_THIS_CAPTURE_SET,PENDING_ALL_MOVE_SCREEN_SPACE_MEASUREMENT,PENDING_INDEPENDENT_HAIR_CLOTH_ARMOR,False
juno-spark,down_special,down,7,26,EXPLICIT_KEY_POSE_CANDIDATE_RUNTIME,counter-rotated feet; final IK/foot-slip review pending,False,3421b173c8bce63c20e54addedbcfb482297b424415f8b06a3ef2169ed2f1bfc,,NOT_OBSERVED_IN_THIS_CAPTURE_SET,PENDING_ALL_MOVE_SCREEN_SPACE_MEASUREMENT,PENDING_INDEPENDENT_HAIR_CLOTH_ARMOR,False
juno-spark,grab,strike,5,20,EXPLICIT_KEY_POSE_CANDIDATE_RUNTIME,counter-rotated feet; final IK/foot-slip review pending,False,35cb46f4acc566d2480ff5f2fbf2ed542a733b3ceda25a8acf2ac3b54bd54072,,NOT_OBSERVED_IN_THIS_CAPTURE_SET,PENDING_ALL_MOVE_SCREEN_SPACE_MEASUREMENT,PENDING_INDEPENDENT_HAIR_CLOTH_ARMOR,False
juno-spark,throw_forward,strike,4,15,EXPLICIT_KEY_POSE_CANDIDATE_RUNTIME,counter-rotated feet; final IK/foot-slip review pending,False,90d55775bf742237acf43dce957be4bcf4df3db15ff977d6b7bfef6fcde827e1,,NOT_OBSERVED_IN_THIS_CAPTURE_SET,PENDING_ALL_MOVE_SCREEN_SPACE_MEASUREMENT,PENDING_INDEPENDENT_HAIR_CLOTH_ARMOR,False
juno-spark,throw_back,strike,4,15,EXPLICIT_KEY_POSE_CANDIDATE_RUNTIME,counter-rotated feet; final IK/foot-slip review pending,False,c9e2bd41e652b49f05ab8185b0f1dbae7e261be78f54b8859eda08f730803cfa,,NOT_OBSERVED_IN_THIS_CAPTURE_SET,PENDING_ALL_MOVE_SCREEN_SPACE_MEASUREMENT,PENDING_INDEPENDENT_HAIR_CLOTH_ARMOR,False
juno-spark,throw_up,strike,4,15,EXPLICIT_KEY_POSE_CANDIDATE_RUNTIME,counter-rotated feet; final IK/foot-slip review pending,False,90d55775bf742237acf43dce957be4bcf4df3db15ff977d6b7bfef6fcde827e1,,NOT_OBSERVED_IN_THIS_CAPTURE_SET,PENDING_ALL_MOVE_SCREEN_SPACE_MEASUREMENT,PENDING_INDEPENDENT_HAIR_CLOTH_ARMOR,False
juno-spark,throw_down,strike,5,17,EXPLICIT_KEY_POSE_CANDIDATE_RUNTIME,counter-rotated feet; final IK/foot-slip review pending,False,ab04665a2ad07b071ff4f428bbe9dd0645a02c1d24095b31d926803e189ce316,,NOT_OBSERVED_IN_THIS_CAPTURE_SET,PENDING_ALL_MOVE_SCREEN_SPACE_MEASUREMENT,PENDING_INDEPENDENT_HAIR_CLOTH_ARMOR,False
juno-spark,aura_charge,strike,1,0,EXPLICIT_KEY_POSE_CANDIDATE_RUNTIME,counter-rotated feet; final IK/foot-slip review pending,False,30bdab2b0ef910504f2f958d77f9af8bd71c6706a04dad6785b4dd3fd97a13bd,,NOT_OBSERVED_IN_THIS_CAPTURE_SET,PENDING_ALL_MOVE_SCREEN_SPACE_MEASUREMENT,PENDING_INDEPENDENT_HAIR_CLOTH_ARMOR,False
juno-spark,aura_burst,projectile,11,40,EXPLICIT_KEY_POSE_CANDIDATE_RUNTIME,counter-rotated feet; final IK/foot-slip review pending,False,758fd17c0ca85b94f4a9ffbae943ba97b27b78aa437009935b732971efebcad3,before_juno-spark;juno-spark;signature_juno-spark,OBSERVED_IN_AUTOMATED_INPUT,PENDING_ALL_MOVE_SCREEN_SPACE_MEASUREMENT,PENDING_INDEPENDENT_HAIR_CLOTH_ARMOR,False
rook-ironside,jab_1,strike,6,18,EXPLICIT_KEY_POSE_CANDIDATE_RUNTIME,counter-rotated feet; final IK/foot-slip review pending,False,1ddec139814aa44f0c15118fec6a171027c9105f4261623e55ee8c3fb9658ec4,rook-ironside,OBSERVED_IN_AUTOMATED_INPUT,PENDING_ALL_MOVE_SCREEN_SPACE_MEASUREMENT,PENDING_INDEPENDENT_HAIR_CLOTH_ARMOR,False
rook-ironside,jab_2,strike,6,19,EXPLICIT_KEY_POSE_CANDIDATE_RUNTIME,counter-rotated feet; final IK/foot-slip review pending,False,9c1ca5a628cac34b692ead861f95653a444730a336d807ef9c57aedd5a4e2175,rook-ironside,OBSERVED_IN_AUTOMATED_INPUT,PENDING_ALL_MOVE_SCREEN_SPACE_MEASUREMENT,PENDING_INDEPENDENT_HAIR_CLOTH_ARMOR,False
rook-ironside,jab_finisher,strike,8,27,EXPLICIT_KEY_POSE_CANDIDATE_RUNTIME,counter-rotated feet; final IK/foot-slip review pending,False,95f73abf4aed178dee888d5f8c5a094d16d774532ddd50531238a5fbb3accb71,rook-ironside,OBSERVED_IN_AUTOMATED_INPUT,PENDING_ALL_MOVE_SCREEN_SPACE_MEASUREMENT,PENDING_INDEPENDENT_HAIR_CLOTH_ARMOR,False
rook-ironside,forward_tilt,strike,9,28,EXPLICIT_KEY_POSE_CANDIDATE_RUNTIME,counter-rotated feet; final IK/foot-slip review pending,False,646a10ddae06f057cf59f8ede9f125fe592f0d97ccaaef782e152e492d4d7078,,NOT_OBSERVED_IN_THIS_CAPTURE_SET,PENDING_ALL_MOVE_SCREEN_SPACE_MEASUREMENT,PENDING_INDEPENDENT_HAIR_CLOTH_ARMOR,False
rook-ironside,up_tilt,up,6,19,EXPLICIT_KEY_POSE_CANDIDATE_RUNTIME,counter-rotated feet; final IK/foot-slip review pending,False,9bfca8b79793da9ce8b14bb6b3cc87c0f2ac1849b1166e1a33cf86c9e4eda0d8,,NOT_OBSERVED_IN_THIS_CAPTURE_SET,PENDING_ALL_MOVE_SCREEN_SPACE_MEASUREMENT,PENDING_INDEPENDENT_HAIR_CLOTH_ARMOR,False
rook-ironside,down_tilt,down,5,17,EXPLICIT_KEY_POSE_CANDIDATE_RUNTIME,counter-rotated feet; final IK/foot-slip review pending,False,dac3b6818386a52a22041eaab2e61f1a44000f502c35db049b7b53a12fb6310f,,NOT_OBSERVED_IN_THIS_CAPTURE_SET,PENDING_ALL_MOVE_SCREEN_SPACE_MEASUREMENT,PENDING_INDEPENDENT_HAIR_CLOTH_ARMOR,False
rook-ironside,dash_attack,strike,9,33,EXPLICIT_KEY_POSE_CANDIDATE_RUNTIME,counter-rotated feet; final IK/foot-slip review pending,False,289dbeb9fc210ad8e3f8d6b205714415f9c2ee593fe16d74160b48e015eb530d,rook-ironside,OBSERVED_IN_AUTOMATED_INPUT,PENDING_ALL_MOVE_SCREEN_SPACE_MEASUREMENT,PENDING_INDEPENDENT_HAIR_CLOTH_ARMOR,False
rook-ironside,heavy_attack,heavy,9,30,EXPLICIT_KEY_POSE_CANDIDATE_RUNTIME,counter-rotated feet; final IK/foot-slip review pending,False,69c3aa18216a781faee472324b6628eeb671f66d458a6b7fa5d1b7610144d8d9,rook-ironside,OBSERVED_IN_AUTOMATED_INPUT,PENDING_ALL_MOVE_SCREEN_SPACE_MEASUREMENT,PENDING_INDEPENDENT_HAIR_CLOTH_ARMOR,False
rook-ironside,neutral_air,aerial,7,24,EXPLICIT_KEY_POSE_CANDIDATE_RUNTIME,counter-rotated feet; final IK/foot-slip review pending,False,7ba16f653631ba13090b83bda4f987d8db8e02fd27f7ad2d9a5e2960da10a5e3,rook-ironside,OBSERVED_IN_AUTOMATED_INPUT,PENDING_ALL_MOVE_SCREEN_SPACE_MEASUREMENT,PENDING_INDEPENDENT_HAIR_CLOTH_ARMOR,False
rook-ironside,forward_air,aerial,8,26,EXPLICIT_KEY_POSE_CANDIDATE_RUNTIME,counter-rotated feet; final IK/foot-slip review pending,False,6ac3f877ae44498b08011ca044daafa6a77b14b4f9966d95c9b6e314fa717d7e,rook-ironside,OBSERVED_IN_AUTOMATED_INPUT,PENDING_ALL_MOVE_SCREEN_SPACE_MEASUREMENT,PENDING_INDEPENDENT_HAIR_CLOTH_ARMOR,False
rook-ironside,back_air,aerial,8,26,EXPLICIT_KEY_POSE_CANDIDATE_RUNTIME,counter-rotated feet; final IK/foot-slip review pending,False,4e592b9fe0dcdc27dea75a553229a1cf7f7b5f45986550b0c60e9d4972f98917,,NOT_OBSERVED_IN_THIS_CAPTURE_SET,PENDING_ALL_MOVE_SCREEN_SPACE_MEASUREMENT,PENDING_INDEPENDENT_HAIR_CLOTH_ARMOR,False
rook-ironside,up_air,aerial,5,17,EXPLICIT_KEY_POSE_CANDIDATE_RUNTIME,counter-rotated feet; final IK/foot-slip review pending,False,14c6ebba3686b93815671120dce1681a355231aa11103db32068fe4361b6143b,,NOT_OBSERVED_IN_THIS_CAPTURE_SET,PENDING_ALL_MOVE_SCREEN_SPACE_MEASUREMENT,PENDING_INDEPENDENT_HAIR_CLOTH_ARMOR,False
rook-ironside,down_air,aerial,5,17,EXPLICIT_KEY_POSE_CANDIDATE_RUNTIME,counter-rotated feet; final IK/foot-slip review pending,False,14c6ebba3686b93815671120dce1681a355231aa11103db32068fe4361b6143b,,NOT_OBSERVED_IN_THIS_CAPTURE_SET,PENDING_ALL_MOVE_SCREEN_SPACE_MEASUREMENT,PENDING_INDEPENDENT_HAIR_CLOTH_ARMOR,False
rook-ironside,neutral_special_projectile,projectile,10,32,EXPLICIT_KEY_POSE_CANDIDATE_RUNTIME,counter-rotated feet; final IK/foot-slip review pending,False,268166fcf4bfdcfc2925b34c3c574862e3317dc96025d5105d11b6a04921164f,rook-ironside,OBSERVED_IN_AUTOMATED_INPUT,PENDING_ALL_MOVE_SCREEN_SPACE_MEASUREMENT,PENDING_INDEPENDENT_HAIR_CLOTH_ARMOR,False
rook-ironside,side_special,strike,11,37,EXPLICIT_KEY_POSE_CANDIDATE_RUNTIME,counter-rotated feet; final IK/foot-slip review pending,False,bf7c1d6e639dd7b6c591e9ec7cb801d9980f73a7e6cb8c6dcd0fc45f5e0dcea5,,NOT_OBSERVED_IN_THIS_CAPTURE_SET,PENDING_ALL_MOVE_SCREEN_SPACE_MEASUREMENT,PENDING_INDEPENDENT_HAIR_CLOTH_ARMOR,False
rook-ironside,up_special_recovery,up,9,37,EXPLICIT_KEY_POSE_CANDIDATE_RUNTIME,counter-rotated feet; final IK/foot-slip review pending,False,a924c85e18ecee8e276c65c7630d194ac992e587e7060498a715aeb71d98aca5,,NOT_OBSERVED_IN_THIS_CAPTURE_SET,PENDING_ALL_MOVE_SCREEN_SPACE_MEASUREMENT,PENDING_INDEPENDENT_HAIR_CLOTH_ARMOR,False
rook-ironside,down_special,down,13,46,EXPLICIT_KEY_POSE_CANDIDATE_RUNTIME,counter-rotated feet; final IK/foot-slip review pending,False,8772aa32eedacd0e0c7dab5343a026d64214ac0dd258c0d71bfd2d94196c7e14,,NOT_OBSERVED_IN_THIS_CAPTURE_SET,PENDING_ALL_MOVE_SCREEN_SPACE_MEASUREMENT,PENDING_INDEPENDENT_HAIR_CLOTH_ARMOR,False
rook-ironside,grab,strike,8,32,EXPLICIT_KEY_POSE_CANDIDATE_RUNTIME,counter-rotated feet; final IK/foot-slip review pending,False,76e1f787ec183792f52219b7a51a83b3f0eda307d98de64e84977357985a0965,,NOT_OBSERVED_IN_THIS_CAPTURE_SET,PENDING_ALL_MOVE_SCREEN_SPACE_MEASUREMENT,PENDING_INDEPENDENT_HAIR_CLOTH_ARMOR,False
rook-ironside,throw_forward,strike,7,25,EXPLICIT_KEY_POSE_CANDIDATE_RUNTIME,counter-rotated feet; final IK/foot-slip review pending,False,fe307182528d7f19a0584aa2672533893493c436c9fb63abbfda0f9bd0e5e171,,NOT_OBSERVED_IN_THIS_CAPTURE_SET,PENDING_ALL_MOVE_SCREEN_SPACE_MEASUREMENT,PENDING_INDEPENDENT_HAIR_CLOTH_ARMOR,False
rook-ironside,throw_back,strike,7,25,EXPLICIT_KEY_POSE_CANDIDATE_RUNTIME,counter-rotated feet; final IK/foot-slip review pending,False,7ca06179dbeaf45808a85606da52e637601ba5bf20eb63090d6898e8b266ceea,,NOT_OBSERVED_IN_THIS_CAPTURE_SET,PENDING_ALL_MOVE_SCREEN_SPACE_MEASUREMENT,PENDING_INDEPENDENT_HAIR_CLOTH_ARMOR,False
rook-ironside,throw_up,strike,7,24,EXPLICIT_KEY_POSE_CANDIDATE_RUNTIME,counter-rotated feet; final IK/foot-slip review pending,False,dc758c00aab1e096adafd3472d4c7f39d0040d1524633416b7703fe2df5414af,,NOT_OBSERVED_IN_THIS_CAPTURE_SET,PENDING_ALL_MOVE_SCREEN_SPACE_MEASUREMENT,PENDING_INDEPENDENT_HAIR_CLOTH_ARMOR,False
rook-ironside,throw_down,strike,8,29,EXPLICIT_KEY_POSE_CANDIDATE_RUNTIME,counter-rotated feet; final IK/foot-slip review pending,False,73ad267fe54e7bf59e21db5a32ab060da6768182260d85d9f7ac46192af62a69,,NOT_OBSERVED_IN_THIS_CAPTURE_SET,PENDING_ALL_MOVE_SCREEN_SPACE_MEASUREMENT,PENDING_INDEPENDENT_HAIR_CLOTH_ARMOR,False
rook-ironside,aura_charge,strike,1,0,EXPLICIT_KEY_POSE_CANDIDATE_RUNTIME,counter-rotated feet; final IK/foot-slip review pending,False,0898a5ef48c667f112d311c6511fc10728d3646a4885307c793013437bc2a4bb,,NOT_OBSERVED_IN_THIS_CAPTURE_SET,PENDING_ALL_MOVE_SCREEN_SPACE_MEASUREMENT,PENDING_INDEPENDENT_HAIR_CLOTH_ARMOR,False
rook-ironside,aura_burst,projectile,11,40,EXPLICIT_KEY_POSE_CANDIDATE_RUNTIME,counter-rotated feet; final IK/foot-slip review pending,False,89e88eadcb2f9bcd7c1f380bf32218ea12576da284b39eaffbf79b573ffff839,rook-ironside,OBSERVED_IN_AUTOMATED_INPUT,PENDING_ALL_MOVE_SCREEN_SPACE_MEASUREMENT,PENDING_INDEPENDENT_HAIR_CLOTH_ARMOR,False
kaia-windrow,jab_1,strike,5,15,EXPLICIT_KEY_POSE_CANDIDATE_RUNTIME,counter-rotated feet; final IK/foot-slip review pending,False,6d56e3fe25254be5134e65f79bc12dc473da973a2b051e9e7db3b538c7b85b34,kaia-windrow,OBSERVED_IN_AUTOMATED_INPUT,PENDING_ALL_MOVE_SCREEN_SPACE_MEASUREMENT,PENDING_INDEPENDENT_HAIR_CLOTH_ARMOR,False
kaia-windrow,jab_2,strike,5,16,EXPLICIT_KEY_POSE_CANDIDATE_RUNTIME,counter-rotated feet; final IK/foot-slip review pending,False,0ecc7f60c2eb11c678b07e6359e0c07bae29488a1b5534e3e7f3723b9f679d15,kaia-windrow,OBSERVED_IN_AUTOMATED_INPUT,PENDING_ALL_MOVE_SCREEN_SPACE_MEASUREMENT,PENDING_INDEPENDENT_HAIR_CLOTH_ARMOR,False
kaia-windrow,jab_finisher,strike,6,20,EXPLICIT_KEY_POSE_CANDIDATE_RUNTIME,counter-rotated feet; final IK/foot-slip review pending,False,54f490dd072d85c7c225b58f51ea29e4ebe78fec197caf1685d1c688f486cedc,kaia-windrow,OBSERVED_IN_AUTOMATED_INPUT,PENDING_ALL_MOVE_SCREEN_SPACE_MEASUREMENT,PENDING_INDEPENDENT_HAIR_CLOTH_ARMOR,False
kaia-windrow,forward_tilt,strike,7,22,EXPLICIT_KEY_POSE_CANDIDATE_RUNTIME,counter-rotated feet; final IK/foot-slip review pending,False,b81dfd81eef12602998593a48c849362ca19aaddbababe6b5d1e9770dfbde27c,,NOT_OBSERVED_IN_THIS_CAPTURE_SET,PENDING_ALL_MOVE_SCREEN_SPACE_MEASUREMENT,PENDING_INDEPENDENT_HAIR_CLOTH_ARMOR,False
kaia-windrow,up_tilt,up,6,19,EXPLICIT_KEY_POSE_CANDIDATE_RUNTIME,counter-rotated feet; final IK/foot-slip review pending,False,fb35e19a500163e9e8beb72130fefe0da49d23dcd24f140a92cd2f7e02012bab,,NOT_OBSERVED_IN_THIS_CAPTURE_SET,PENDING_ALL_MOVE_SCREEN_SPACE_MEASUREMENT,PENDING_INDEPENDENT_HAIR_CLOTH_ARMOR,False
kaia-windrow,down_tilt,down,5,17,EXPLICIT_KEY_POSE_CANDIDATE_RUNTIME,counter-rotated feet; final IK/foot-slip review pending,False,59580fccd65166e9b3efecfad59c3f4f35c8b8d1c759f8be23ee8d8b8574f575,,NOT_OBSERVED_IN_THIS_CAPTURE_SET,PENDING_ALL_MOVE_SCREEN_SPACE_MEASUREMENT,PENDING_INDEPENDENT_HAIR_CLOTH_ARMOR,False
kaia-windrow,dash_attack,strike,7,24,EXPLICIT_KEY_POSE_CANDIDATE_RUNTIME,counter-rotated feet; final IK/foot-slip review pending,False,75406e0b1638ffb60e234c7f3d2b779a47b4e6977b0e52342c2dfe0e2f1451f5,kaia-windrow,OBSERVED_IN_AUTOMATED_INPUT,PENDING_ALL_MOVE_SCREEN_SPACE_MEASUREMENT,PENDING_INDEPENDENT_HAIR_CLOTH_ARMOR,False
kaia-windrow,heavy_attack,heavy,9,30,EXPLICIT_KEY_POSE_CANDIDATE_RUNTIME,counter-rotated feet; final IK/foot-slip review pending,False,1d7c728fca5eef6a948ae0adfecb88e69f8592876c8d44f0d741782c54ac76e9,kaia-windrow,OBSERVED_IN_AUTOMATED_INPUT,PENDING_ALL_MOVE_SCREEN_SPACE_MEASUREMENT,PENDING_INDEPENDENT_HAIR_CLOTH_ARMOR,False
kaia-windrow,neutral_air,aerial,4,16,EXPLICIT_KEY_POSE_CANDIDATE_RUNTIME,counter-rotated feet; final IK/foot-slip review pending,False,39a5c12ed116714c906d056028d487fd5a46e30c18449a5e7842bec1ac5418e5,,NOT_OBSERVED_IN_THIS_CAPTURE_SET,PENDING_ALL_MOVE_SCREEN_SPACE_MEASUREMENT,PENDING_INDEPENDENT_HAIR_CLOTH_ARMOR,False
kaia-windrow,forward_air,aerial,5,17,EXPLICIT_KEY_POSE_CANDIDATE_RUNTIME,counter-rotated feet; final IK/foot-slip review pending,False,409f88a3b5765c2f944d9e4065874ce86258ac981d8d2328c018ee1b293c31a6,kaia-windrow,OBSERVED_IN_AUTOMATED_INPUT,PENDING_ALL_MOVE_SCREEN_SPACE_MEASUREMENT,PENDING_INDEPENDENT_HAIR_CLOTH_ARMOR,False
kaia-windrow,back_air,aerial,5,17,EXPLICIT_KEY_POSE_CANDIDATE_RUNTIME,counter-rotated feet; final IK/foot-slip review pending,False,6665e667844377ad158c2664c0432fc8a3ce250108f5f27f35c96d4f16dceab9,,NOT_OBSERVED_IN_THIS_CAPTURE_SET,PENDING_ALL_MOVE_SCREEN_SPACE_MEASUREMENT,PENDING_INDEPENDENT_HAIR_CLOTH_ARMOR,False
kaia-windrow,up_air,aerial,5,18,EXPLICIT_KEY_POSE_CANDIDATE_RUNTIME,counter-rotated feet; final IK/foot-slip review pending,False,cf278e08866c8dbdc31056b91756c3f9924ceeb33e92522bdc592499b9ba8941,,NOT_OBSERVED_IN_THIS_CAPTURE_SET,PENDING_ALL_MOVE_SCREEN_SPACE_MEASUREMENT,PENDING_INDEPENDENT_HAIR_CLOTH_ARMOR,False
kaia-windrow,down_air,aerial,5,17,EXPLICIT_KEY_POSE_CANDIDATE_RUNTIME,counter-rotated feet; final IK/foot-slip review pending,False,65f19d5ac0100cac6ec66536e27e9cc0c49632d32b9e9ea227acf3f59dae1137,,NOT_OBSERVED_IN_THIS_CAPTURE_SET,PENDING_ALL_MOVE_SCREEN_SPACE_MEASUREMENT,PENDING_INDEPENDENT_HAIR_CLOTH_ARMOR,False
kaia-windrow,neutral_special_projectile,projectile,7,23,EXPLICIT_KEY_POSE_CANDIDATE_RUNTIME,counter-rotated feet; final IK/foot-slip review pending,False,3ec384ac533f5195f522e89ffe59ae0c332a3561e4d116c909543441ef192dbc,kaia-windrow,OBSERVED_IN_AUTOMATED_INPUT,PENDING_ALL_MOVE_SCREEN_SPACE_MEASUREMENT,PENDING_INDEPENDENT_HAIR_CLOTH_ARMOR,False
kaia-windrow,side_special,strike,8,27,EXPLICIT_KEY_POSE_CANDIDATE_RUNTIME,counter-rotated feet; final IK/foot-slip review pending,False,f146542fbfd991b0835274033cf465ba8a92fe36eb2da2e80c896bbe75d1851a,,NOT_OBSERVED_IN_THIS_CAPTURE_SET,PENDING_ALL_MOVE_SCREEN_SPACE_MEASUREMENT,PENDING_INDEPENDENT_HAIR_CLOTH_ARMOR,False
kaia-windrow,up_special_recovery,up,6,26,EXPLICIT_KEY_POSE_CANDIDATE_RUNTIME,counter-rotated feet; final IK/foot-slip review pending,False,df831754778572f427273b06121f78e9f73d0b28d0e66dbc7d28efd316a5ebf5,,NOT_OBSERVED_IN_THIS_CAPTURE_SET,PENDING_ALL_MOVE_SCREEN_SPACE_MEASUREMENT,PENDING_INDEPENDENT_HAIR_CLOTH_ARMOR,False
kaia-windrow,down_special,down,9,34,EXPLICIT_KEY_POSE_CANDIDATE_RUNTIME,counter-rotated feet; final IK/foot-slip review pending,False,f15cafbe872a05f27ce168748b3b2ca4694159740cd48596721f9cbe0ad82c84,,NOT_OBSERVED_IN_THIS_CAPTURE_SET,PENDING_ALL_MOVE_SCREEN_SPACE_MEASUREMENT,PENDING_INDEPENDENT_HAIR_CLOTH_ARMOR,False
kaia-windrow,grab,strike,6,24,EXPLICIT_KEY_POSE_CANDIDATE_RUNTIME,counter-rotated feet; final IK/foot-slip review pending,False,d57a7976691d26e4f0a6bfba91c7d20d87e6334d3eb66602cb2f50b0fb5c3756,,NOT_OBSERVED_IN_THIS_CAPTURE_SET,PENDING_ALL_MOVE_SCREEN_SPACE_MEASUREMENT,PENDING_INDEPENDENT_HAIR_CLOTH_ARMOR,False
kaia-windrow,throw_forward,strike,5,18,EXPLICIT_KEY_POSE_CANDIDATE_RUNTIME,counter-rotated feet; final IK/foot-slip review pending,False,830d3e3e9d06dc28cfe2ea41d956117365228a341f93bd07ea8f033c40cd5424,,NOT_OBSERVED_IN_THIS_CAPTURE_SET,PENDING_ALL_MOVE_SCREEN_SPACE_MEASUREMENT,PENDING_INDEPENDENT_HAIR_CLOTH_ARMOR,False
kaia-windrow,throw_back,strike,5,18,EXPLICIT_KEY_POSE_CANDIDATE_RUNTIME,counter-rotated feet; final IK/foot-slip review pending,False,e423fd124dc205100eeeae27e35b054ad099576a9b9a8e237a4a66ca5ec2f40e,,NOT_OBSERVED_IN_THIS_CAPTURE_SET,PENDING_ALL_MOVE_SCREEN_SPACE_MEASUREMENT,PENDING_INDEPENDENT_HAIR_CLOTH_ARMOR,False
kaia-windrow,throw_up,strike,5,17,EXPLICIT_KEY_POSE_CANDIDATE_RUNTIME,counter-rotated feet; final IK/foot-slip review pending,False,b1ab86dfc5c180d9fb50eb2410e1da9652e31df8ec7803b03d68cec9791048af,,NOT_OBSERVED_IN_THIS_CAPTURE_SET,PENDING_ALL_MOVE_SCREEN_SPACE_MEASUREMENT,PENDING_INDEPENDENT_HAIR_CLOTH_ARMOR,False
kaia-windrow,throw_down,strike,6,21,EXPLICIT_KEY_POSE_CANDIDATE_RUNTIME,counter-rotated feet; final IK/foot-slip review pending,False,9ff21cefc9bcf472f0fa945d5d33cbea29605f1017a19ee5f476467ae964dcbf,,NOT_OBSERVED_IN_THIS_CAPTURE_SET,PENDING_ALL_MOVE_SCREEN_SPACE_MEASUREMENT,PENDING_INDEPENDENT_HAIR_CLOTH_ARMOR,False
kaia-windrow,aura_charge,strike,1,0,EXPLICIT_KEY_POSE_CANDIDATE_RUNTIME,counter-rotated feet; final IK/foot-slip review pending,False,c6ccbfc42c427bfa0e59cea4749ab1f782952cd69e955bdaaf861701db2f1db9,,NOT_OBSERVED_IN_THIS_CAPTURE_SET,PENDING_ALL_MOVE_SCREEN_SPACE_MEASUREMENT,PENDING_INDEPENDENT_HAIR_CLOTH_ARMOR,False
kaia-windrow,aura_burst,projectile,11,40,EXPLICIT_KEY_POSE_CANDIDATE_RUNTIME,counter-rotated feet; final IK/foot-slip review pending,False,174f52f5a8989c6ef35f61ad65f87202774988a5dc7a7a5135b50ca18b94f8c9,kaia-windrow,OBSERVED_IN_AUTOMATED_INPUT,PENDING_ALL_MOVE_SCREEN_SPACE_MEASUREMENT,PENDING_INDEPENDENT_HAIR_CLOTH_ARMOR,False
nix-calder,jab_1,strike,5,16,EXPLICIT_KEY_POSE_CANDIDATE_RUNTIME,counter-rotated feet; final IK/foot-slip review pending,False,ac1254620d499646a765f60d8bf8f913b4754fce289e71d23ae0852b0659214b,nix-calder,OBSERVED_IN_AUTOMATED_INPUT,PENDING_ALL_MOVE_SCREEN_SPACE_MEASUREMENT,PENDING_INDEPENDENT_HAIR_CLOTH_ARMOR,False
nix-calder,jab_2,strike,5,17,EXPLICIT_KEY_POSE_CANDIDATE_RUNTIME,counter-rotated feet; final IK/foot-slip review pending,False,369d84feb1359db7c483adffeda239d95156eca44264b563cc9cf862989a98f3,nix-calder,OBSERVED_IN_AUTOMATED_INPUT,PENDING_ALL_MOVE_SCREEN_SPACE_MEASUREMENT,PENDING_INDEPENDENT_HAIR_CLOTH_ARMOR,False
nix-calder,jab_finisher,strike,7,24,EXPLICIT_KEY_POSE_CANDIDATE_RUNTIME,counter-rotated feet; final IK/foot-slip review pending,False,2b6457f220486c1a63b448bc8119721d02049c40364bb6321dde24d433337314,nix-calder,OBSERVED_IN_AUTOMATED_INPUT,PENDING_ALL_MOVE_SCREEN_SPACE_MEASUREMENT,PENDING_INDEPENDENT_HAIR_CLOTH_ARMOR,False
nix-calder,forward_tilt,strike,8,25,EXPLICIT_KEY_POSE_CANDIDATE_RUNTIME,counter-rotated feet; final IK/foot-slip review pending,False,14b730045713168212085c4ad5cdd93dd96f519e72fa7ecf732cdf7866405664,,NOT_OBSERVED_IN_THIS_CAPTURE_SET,PENDING_ALL_MOVE_SCREEN_SPACE_MEASUREMENT,PENDING_INDEPENDENT_HAIR_CLOTH_ARMOR,False
nix-calder,up_tilt,up,6,19,EXPLICIT_KEY_POSE_CANDIDATE_RUNTIME,counter-rotated feet; final IK/foot-slip review pending,False,22930b75b1b8ae0ade46614dce1782e13e32225fcfa5131d502dc75275c5a28b,,NOT_OBSERVED_IN_THIS_CAPTURE_SET,PENDING_ALL_MOVE_SCREEN_SPACE_MEASUREMENT,PENDING_INDEPENDENT_HAIR_CLOTH_ARMOR,False
nix-calder,down_tilt,down,5,17,EXPLICIT_KEY_POSE_CANDIDATE_RUNTIME,counter-rotated feet; final IK/foot-slip review pending,False,86e7b5112d438bfa98d24d3c0fd751bd8f3d931f30b9a61931c71c0c837c94d8,,NOT_OBSERVED_IN_THIS_CAPTURE_SET,PENDING_ALL_MOVE_SCREEN_SPACE_MEASUREMENT,PENDING_INDEPENDENT_HAIR_CLOTH_ARMOR,False
nix-calder,dash_attack,strike,8,29,EXPLICIT_KEY_POSE_CANDIDATE_RUNTIME,counter-rotated feet; final IK/foot-slip review pending,False,26229c877dd484dfe67019f8acbd026fd5b275522b21bd3ec734d3bd125ba5b0,nix-calder,OBSERVED_IN_AUTOMATED_INPUT,PENDING_ALL_MOVE_SCREEN_SPACE_MEASUREMENT,PENDING_INDEPENDENT_HAIR_CLOTH_ARMOR,False
nix-calder,heavy_attack,heavy,9,30,EXPLICIT_KEY_POSE_CANDIDATE_RUNTIME,counter-rotated feet; final IK/foot-slip review pending,False,d83dfbef0304c36a6ac988e11dfaa323055abf096e562eed38f9723a826bfca2,nix-calder,OBSERVED_IN_AUTOMATED_INPUT,PENDING_ALL_MOVE_SCREEN_SPACE_MEASUREMENT,PENDING_INDEPENDENT_HAIR_CLOTH_ARMOR,False
nix-calder,neutral_air,aerial,6,21,EXPLICIT_KEY_POSE_CANDIDATE_RUNTIME,counter-rotated feet; final IK/foot-slip review pending,False,f882917e651f3f63aca0c9a68dd211e4fe0ba169c80c22eff66b8ada4cc8e57b,,NOT_OBSERVED_IN_THIS_CAPTURE_SET,PENDING_ALL_MOVE_SCREEN_SPACE_MEASUREMENT,PENDING_INDEPENDENT_HAIR_CLOTH_ARMOR,False
nix-calder,forward_air,aerial,7,22,EXPLICIT_KEY_POSE_CANDIDATE_RUNTIME,counter-rotated feet; final IK/foot-slip review pending,False,3b883d40beaf4396073a2fa1ba8fe7e9759f2e630aa1e1b16c28325e29a26e43,nix-calder,OBSERVED_IN_AUTOMATED_INPUT,PENDING_ALL_MOVE_SCREEN_SPACE_MEASUREMENT,PENDING_INDEPENDENT_HAIR_CLOTH_ARMOR,False
nix-calder,back_air,aerial,7,22,EXPLICIT_KEY_POSE_CANDIDATE_RUNTIME,counter-rotated feet; final IK/foot-slip review pending,False,5b9e991b06ef8549fae17ea16e94cca9f7efe2aa1244f78df994406a1922dbeb,,NOT_OBSERVED_IN_THIS_CAPTURE_SET,PENDING_ALL_MOVE_SCREEN_SPACE_MEASUREMENT,PENDING_INDEPENDENT_HAIR_CLOTH_ARMOR,False
nix-calder,up_air,aerial,5,17,EXPLICIT_KEY_POSE_CANDIDATE_RUNTIME,counter-rotated feet; final IK/foot-slip review pending,False,8453c7b3976989e791243ba7c217b30f2fe3b9a1c152341c9ba338e9594d53c2,,NOT_OBSERVED_IN_THIS_CAPTURE_SET,PENDING_ALL_MOVE_SCREEN_SPACE_MEASUREMENT,PENDING_INDEPENDENT_HAIR_CLOTH_ARMOR,False
nix-calder,down_air,aerial,5,17,EXPLICIT_KEY_POSE_CANDIDATE_RUNTIME,counter-rotated feet; final IK/foot-slip review pending,False,8453c7b3976989e791243ba7c217b30f2fe3b9a1c152341c9ba338e9594d53c2,,NOT_OBSERVED_IN_THIS_CAPTURE_SET,PENDING_ALL_MOVE_SCREEN_SPACE_MEASUREMENT,PENDING_INDEPENDENT_HAIR_CLOTH_ARMOR,False
nix-calder,neutral_special_projectile,projectile,9,29,EXPLICIT_KEY_POSE_CANDIDATE_RUNTIME,counter-rotated feet; final IK/foot-slip review pending,False,a8e3bd6806595ded94d9fda1f3110530c0beab0b9a2d6a255cb218f9dc31ad66,nix-calder,OBSERVED_IN_AUTOMATED_INPUT,PENDING_ALL_MOVE_SCREEN_SPACE_MEASUREMENT,PENDING_INDEPENDENT_HAIR_CLOTH_ARMOR,False
nix-calder,side_special,strike,10,34,EXPLICIT_KEY_POSE_CANDIDATE_RUNTIME,counter-rotated feet; final IK/foot-slip review pending,False,0a66fd7fc60f81a06c0968b4f444c303cab2c40950620521d0adeb3c257d0ab8,,NOT_OBSERVED_IN_THIS_CAPTURE_SET,PENDING_ALL_MOVE_SCREEN_SPACE_MEASUREMENT,PENDING_INDEPENDENT_HAIR_CLOTH_ARMOR,False
nix-calder,up_special_recovery,up,8,33,EXPLICIT_KEY_POSE_CANDIDATE_RUNTIME,counter-rotated feet; final IK/foot-slip review pending,False,54d4d515a293ee89b3b4a6223944da218f14f2b674164e8d0639cf1ee21632ce,,NOT_OBSERVED_IN_THIS_CAPTURE_SET,PENDING_ALL_MOVE_SCREEN_SPACE_MEASUREMENT,PENDING_INDEPENDENT_HAIR_CLOTH_ARMOR,False
nix-calder,down_special,down,11,40,EXPLICIT_KEY_POSE_CANDIDATE_RUNTIME,counter-rotated feet; final IK/foot-slip review pending,False,783acab58640223e8bb9df48d721555fa72051edb273081e4f5e111344a1da21,,NOT_OBSERVED_IN_THIS_CAPTURE_SET,PENDING_ALL_MOVE_SCREEN_SPACE_MEASUREMENT,PENDING_INDEPENDENT_HAIR_CLOTH_ARMOR,False
nix-calder,grab,strike,7,29,EXPLICIT_KEY_POSE_CANDIDATE_RUNTIME,counter-rotated feet; final IK/foot-slip review pending,False,63c026f3ee347b60d0e174db3f3536152fd993cb946136ca6b9d2e9c234e7df6,,NOT_OBSERVED_IN_THIS_CAPTURE_SET,PENDING_ALL_MOVE_SCREEN_SPACE_MEASUREMENT,PENDING_INDEPENDENT_HAIR_CLOTH_ARMOR,False
nix-calder,throw_forward,strike,6,21,EXPLICIT_KEY_POSE_CANDIDATE_RUNTIME,counter-rotated feet; final IK/foot-slip review pending,False,48684fd781ba5d6423ba33be431a3445d859d5629b25f90b4cc0c460d827e369,,NOT_OBSERVED_IN_THIS_CAPTURE_SET,PENDING_ALL_MOVE_SCREEN_SPACE_MEASUREMENT,PENDING_INDEPENDENT_HAIR_CLOTH_ARMOR,False
nix-calder,throw_back,strike,6,21,EXPLICIT_KEY_POSE_CANDIDATE_RUNTIME,counter-rotated feet; final IK/foot-slip review pending,False,2cf6051263d819981956ea47c33a743f31372a565ed7d0cffe831d91632af790,,NOT_OBSERVED_IN_THIS_CAPTURE_SET,PENDING_ALL_MOVE_SCREEN_SPACE_MEASUREMENT,PENDING_INDEPENDENT_HAIR_CLOTH_ARMOR,False
nix-calder,throw_up,strike,6,20,EXPLICIT_KEY_POSE_CANDIDATE_RUNTIME,counter-rotated feet; final IK/foot-slip review pending,False,45b72fa21f2a42580a686163d568d8a3a904004246c88a323bdb4da1ea487eef,,NOT_OBSERVED_IN_THIS_CAPTURE_SET,PENDING_ALL_MOVE_SCREEN_SPACE_MEASUREMENT,PENDING_INDEPENDENT_HAIR_CLOTH_ARMOR,False
nix-calder,throw_down,strike,7,26,EXPLICIT_KEY_POSE_CANDIDATE_RUNTIME,counter-rotated feet; final IK/foot-slip review pending,False,f8d92717afe0699540930e9c0ac7b38c518fda4896fed4d35b3d596f17631057,,NOT_OBSERVED_IN_THIS_CAPTURE_SET,PENDING_ALL_MOVE_SCREEN_SPACE_MEASUREMENT,PENDING_INDEPENDENT_HAIR_CLOTH_ARMOR,False
nix-calder,aura_charge,strike,1,0,EXPLICIT_KEY_POSE_CANDIDATE_RUNTIME,counter-rotated feet; final IK/foot-slip review pending,False,baed8c6e587a9df2bce394fd03216a0cce64d21c88d2b02f00ebb54f5b2d5999,,NOT_OBSERVED_IN_THIS_CAPTURE_SET,PENDING_ALL_MOVE_SCREEN_SPACE_MEASUREMENT,PENDING_INDEPENDENT_HAIR_CLOTH_ARMOR,False
nix-calder,aura_burst,projectile,11,40,EXPLICIT_KEY_POSE_CANDIDATE_RUNTIME,counter-rotated feet; final IK/foot-slip review pending,False,0a175352e8422b816ccb923da39d9a0696f7dc86c010be57f383f40b5facbb0a,nix-calder,OBSERVED_IN_AUTOMATED_INPUT,PENDING_ALL_MOVE_SCREEN_SPACE_MEASUREMENT,PENDING_INDEPENDENT_HAIR_CLOTH_ARMOR,False
orion-vell,jab_1,strike,4,14,EXPLICIT_KEY_POSE_CANDIDATE_RUNTIME,counter-rotated feet; final IK/foot-slip review pending,False,47d6b66a2b7ccc06252e39dd52aaef055188483d397a5b05dd2ceaad83f6d7dd,orion-vell,OBSERVED_IN_AUTOMATED_INPUT,PENDING_ALL_MOVE_SCREEN_SPACE_MEASUREMENT,PENDING_INDEPENDENT_HAIR_CLOTH_ARMOR,False
orion-vell,jab_2,strike,4,14,EXPLICIT_KEY_POSE_CANDIDATE_RUNTIME,counter-rotated feet; final IK/foot-slip review pending,False,cd01c19ff362cf62c921089b9637d46b891e26c46ac80346915ef81be4c2cd53,orion-vell,OBSERVED_IN_AUTOMATED_INPUT,PENDING_ALL_MOVE_SCREEN_SPACE_MEASUREMENT,PENDING_INDEPENDENT_HAIR_CLOTH_ARMOR,False
orion-vell,jab_finisher,strike,6,20,EXPLICIT_KEY_POSE_CANDIDATE_RUNTIME,counter-rotated feet; final IK/foot-slip review pending,False,5468652dbc3a8f9df4816b5fc196225dca6cf6ecb1919e97809a421cce582cbe,orion-vell,OBSERVED_IN_AUTOMATED_INPUT,PENDING_ALL_MOVE_SCREEN_SPACE_MEASUREMENT,PENDING_INDEPENDENT_HAIR_CLOTH_ARMOR,False
orion-vell,forward_tilt,strike,7,22,EXPLICIT_KEY_POSE_CANDIDATE_RUNTIME,counter-rotated feet; final IK/foot-slip review pending,False,664e4555ee052e02a677cde494818b6831d9338e6700870cbc28460c8fbb7633,,NOT_OBSERVED_IN_THIS_CAPTURE_SET,PENDING_ALL_MOVE_SCREEN_SPACE_MEASUREMENT,PENDING_INDEPENDENT_HAIR_CLOTH_ARMOR,False
orion-vell,up_tilt,up,6,19,EXPLICIT_KEY_POSE_CANDIDATE_RUNTIME,counter-rotated feet; final IK/foot-slip review pending,False,e6047d507daf15ee6095a44b55d262b61d63408fd35920a4769207607f2b89cf,,NOT_OBSERVED_IN_THIS_CAPTURE_SET,PENDING_ALL_MOVE_SCREEN_SPACE_MEASUREMENT,PENDING_INDEPENDENT_HAIR_CLOTH_ARMOR,False
orion-vell,down_tilt,down,5,17,EXPLICIT_KEY_POSE_CANDIDATE_RUNTIME,counter-rotated feet; final IK/foot-slip review pending,False,075bc9ed2f9660053152130c5b9521fcdd50945db6dfcb475e345e943fe74486,,NOT_OBSERVED_IN_THIS_CAPTURE_SET,PENDING_ALL_MOVE_SCREEN_SPACE_MEASUREMENT,PENDING_INDEPENDENT_HAIR_CLOTH_ARMOR,False
orion-vell,dash_attack,strike,7,24,EXPLICIT_KEY_POSE_CANDIDATE_RUNTIME,counter-rotated feet; final IK/foot-slip review pending,False,2d9f843d5b02bfd44450af53987b2d876297eaddde4d685ddb0741f8c6981bee,orion-vell,OBSERVED_IN_AUTOMATED_INPUT,PENDING_ALL_MOVE_SCREEN_SPACE_MEASUREMENT,PENDING_INDEPENDENT_HAIR_CLOTH_ARMOR,False
orion-vell,heavy_attack,heavy,9,30,EXPLICIT_KEY_POSE_CANDIDATE_RUNTIME,counter-rotated feet; final IK/foot-slip review pending,False,98d3fb207ae92213bb6c8635066ec72fc041b0d8bd6546dc9d415bfdef545517,orion-vell,OBSERVED_IN_AUTOMATED_INPUT,PENDING_ALL_MOVE_SCREEN_SPACE_MEASUREMENT,PENDING_INDEPENDENT_HAIR_CLOTH_ARMOR,False
orion-vell,neutral_air,aerial,5,18,EXPLICIT_KEY_POSE_CANDIDATE_RUNTIME,counter-rotated feet; final IK/foot-slip review pending,False,e14cc32bd9e6439c4ad88becd70e9e52363faae20670b26fc001771e4a7370cf,,NOT_OBSERVED_IN_THIS_CAPTURE_SET,PENDING_ALL_MOVE_SCREEN_SPACE_MEASUREMENT,PENDING_INDEPENDENT_HAIR_CLOTH_ARMOR,False
orion-vell,forward_air,aerial,6,19,EXPLICIT_KEY_POSE_CANDIDATE_RUNTIME,counter-rotated feet; final IK/foot-slip review pending,False,25fe0e93a92ae2fcd87430f86d87083d0786597090c71dc36d0406b7f686bb88,orion-vell,OBSERVED_IN_AUTOMATED_INPUT,PENDING_ALL_MOVE_SCREEN_SPACE_MEASUREMENT,PENDING_INDEPENDENT_HAIR_CLOTH_ARMOR,False
orion-vell,back_air,aerial,6,19,EXPLICIT_KEY_POSE_CANDIDATE_RUNTIME,counter-rotated feet; final IK/foot-slip review pending,False,149a7e7dc1d8c5fd684a97a6dd17008aeafa1fee043d953a6671fb0fe0e5a9b0,,NOT_OBSERVED_IN_THIS_CAPTURE_SET,PENDING_ALL_MOVE_SCREEN_SPACE_MEASUREMENT,PENDING_INDEPENDENT_HAIR_CLOTH_ARMOR,False
orion-vell,up_air,aerial,5,17,EXPLICIT_KEY_POSE_CANDIDATE_RUNTIME,counter-rotated feet; final IK/foot-slip review pending,False,da5e55172b6840591e6ff841a7dd45fd82e876f688e7d3a9a04e47deae883246,,NOT_OBSERVED_IN_THIS_CAPTURE_SET,PENDING_ALL_MOVE_SCREEN_SPACE_MEASUREMENT,PENDING_INDEPENDENT_HAIR_CLOTH_ARMOR,False
orion-vell,down_air,aerial,5,17,EXPLICIT_KEY_POSE_CANDIDATE_RUNTIME,counter-rotated feet; final IK/foot-slip review pending,False,da5e55172b6840591e6ff841a7dd45fd82e876f688e7d3a9a04e47deae883246,,NOT_OBSERVED_IN_THIS_CAPTURE_SET,PENDING_ALL_MOVE_SCREEN_SPACE_MEASUREMENT,PENDING_INDEPENDENT_HAIR_CLOTH_ARMOR,False
orion-vell,neutral_special_projectile,projectile,8,24,EXPLICIT_KEY_POSE_CANDIDATE_RUNTIME,counter-rotated feet; final IK/foot-slip review pending,False,5225ddee674b3e9d2dd4ed7b196935fdedfe47971d7c489c0937309ad0e0298e,orion-vell,OBSERVED_IN_AUTOMATED_INPUT,PENDING_ALL_MOVE_SCREEN_SPACE_MEASUREMENT,PENDING_INDEPENDENT_HAIR_CLOTH_ARMOR,False
orion-vell,side_special,strike,9,30,EXPLICIT_KEY_POSE_CANDIDATE_RUNTIME,counter-rotated feet; final IK/foot-slip review pending,False,49d8c3ffc2345ff5462d850920831b2b2c91e8106bf4421f4ed09c86c6b2bb95,,NOT_OBSERVED_IN_THIS_CAPTURE_SET,PENDING_ALL_MOVE_SCREEN_SPACE_MEASUREMENT,PENDING_INDEPENDENT_HAIR_CLOTH_ARMOR,False
orion-vell,up_special_recovery,up,7,29,EXPLICIT_KEY_POSE_CANDIDATE_RUNTIME,counter-rotated feet; final IK/foot-slip review pending,False,ae2bf3e8c0558657e24f35ec94204c9f9a1752d3bf21c7c3594ab2814da3692b,,NOT_OBSERVED_IN_THIS_CAPTURE_SET,PENDING_ALL_MOVE_SCREEN_SPACE_MEASUREMENT,PENDING_INDEPENDENT_HAIR_CLOTH_ARMOR,False
orion-vell,down_special,down,10,35,EXPLICIT_KEY_POSE_CANDIDATE_RUNTIME,counter-rotated feet; final IK/foot-slip review pending,False,375d76ec677de11170e630d60eee4cebb41da626d78d22b2d52b4ba2e4f5af3b,,NOT_OBSERVED_IN_THIS_CAPTURE_SET,PENDING_ALL_MOVE_SCREEN_SPACE_MEASUREMENT,PENDING_INDEPENDENT_HAIR_CLOTH_ARMOR,False
orion-vell,grab,strike,6,25,EXPLICIT_KEY_POSE_CANDIDATE_RUNTIME,counter-rotated feet; final IK/foot-slip review pending,False,02566828a5cb55e405ec3ce631078dd895ea9cdc2e8a1e97b5dd6c00527f90a7,,NOT_OBSERVED_IN_THIS_CAPTURE_SET,PENDING_ALL_MOVE_SCREEN_SPACE_MEASUREMENT,PENDING_INDEPENDENT_HAIR_CLOTH_ARMOR,False
orion-vell,throw_forward,strike,5,18,EXPLICIT_KEY_POSE_CANDIDATE_RUNTIME,counter-rotated feet; final IK/foot-slip review pending,False,52dfa03900a54adbda79c0745059362b45dd723937e34c28f7cea0525e08f22d,,NOT_OBSERVED_IN_THIS_CAPTURE_SET,PENDING_ALL_MOVE_SCREEN_SPACE_MEASUREMENT,PENDING_INDEPENDENT_HAIR_CLOTH_ARMOR,False
orion-vell,throw_back,strike,5,18,EXPLICIT_KEY_POSE_CANDIDATE_RUNTIME,counter-rotated feet; final IK/foot-slip review pending,False,d1684046f879945e4f5ec0c1b014c71e86d2d225083c12abf1582efff40a0f5f,,NOT_OBSERVED_IN_THIS_CAPTURE_SET,PENDING_ALL_MOVE_SCREEN_SPACE_MEASUREMENT,PENDING_INDEPENDENT_HAIR_CLOTH_ARMOR,False
orion-vell,throw_up,strike,5,17,EXPLICIT_KEY_POSE_CANDIDATE_RUNTIME,counter-rotated feet; final IK/foot-slip review pending,False,c82deeda777197b90f805ec2d936b1ad36910a1b2ab57d8b0fdb3ecfdd91867c,,NOT_OBSERVED_IN_THIS_CAPTURE_SET,PENDING_ALL_MOVE_SCREEN_SPACE_MEASUREMENT,PENDING_INDEPENDENT_HAIR_CLOTH_ARMOR,False
orion-vell,throw_down,strike,6,22,EXPLICIT_KEY_POSE_CANDIDATE_RUNTIME,counter-rotated feet; final IK/foot-slip review pending,False,6d3cab62963a3bc4cfec12ab9af8fe16d0f7b274d3d72437db8f46d8457c6f80,,NOT_OBSERVED_IN_THIS_CAPTURE_SET,PENDING_ALL_MOVE_SCREEN_SPACE_MEASUREMENT,PENDING_INDEPENDENT_HAIR_CLOTH_ARMOR,False
orion-vell,aura_charge,strike,1,0,EXPLICIT_KEY_POSE_CANDIDATE_RUNTIME,counter-rotated feet; final IK/foot-slip review pending,False,f8540ccc0fa9466f5a8d9fca51f5ba91e002ea5a82a345ec11e42da1bffff8ea,,NOT_OBSERVED_IN_THIS_CAPTURE_SET,PENDING_ALL_MOVE_SCREEN_SPACE_MEASUREMENT,PENDING_INDEPENDENT_HAIR_CLOTH_ARMOR,False
orion-vell,aura_burst,projectile,11,40,EXPLICIT_KEY_POSE_CANDIDATE_RUNTIME,counter-rotated feet; final IK/foot-slip review pending,False,6849420783a3f477a5e89a4bc1a2b16fdead823b972900611f064a825ca35a7a,orion-vell,OBSERVED_IN_AUTOMATED_INPUT,PENDING_ALL_MOVE_SCREEN_SPACE_MEASUREMENT,PENDING_INDEPENDENT_HAIR_CLOTH_ARMOR,False
vesper-nyx,jab_1,strike,4,12,EXPLICIT_KEY_POSE_CANDIDATE_RUNTIME,counter-rotated feet; final IK/foot-slip review pending,False,1d8a0a5da1d7ae8a946001827a05037a50a5c1d3daf0f60aa04909c44dbcf7c8,vesper-nyx,OBSERVED_IN_AUTOMATED_INPUT,PENDING_ALL_MOVE_SCREEN_SPACE_MEASUREMENT,PENDING_INDEPENDENT_HAIR_CLOTH_ARMOR,False
vesper-nyx,jab_2,strike,4,12,EXPLICIT_KEY_POSE_CANDIDATE_RUNTIME,counter-rotated feet; final IK/foot-slip review pending,False,655f091b16e218efca93afe565468e93b2c6670abfa74954fc670736b8f5f549,vesper-nyx,OBSERVED_IN_AUTOMATED_INPUT,PENDING_ALL_MOVE_SCREEN_SPACE_MEASUREMENT,PENDING_INDEPENDENT_HAIR_CLOTH_ARMOR,False
vesper-nyx,jab_finisher,strike,5,18,EXPLICIT_KEY_POSE_CANDIDATE_RUNTIME,counter-rotated feet; final IK/foot-slip review pending,False,920429e4db7c385a3b8961a192ca495a235ca5a2f321c1e28db7e0f2cc85ebbb,vesper-nyx,OBSERVED_IN_AUTOMATED_INPUT,PENDING_ALL_MOVE_SCREEN_SPACE_MEASUREMENT,PENDING_INDEPENDENT_HAIR_CLOTH_ARMOR,False
vesper-nyx,forward_tilt,strike,6,19,EXPLICIT_KEY_POSE_CANDIDATE_RUNTIME,counter-rotated feet; final IK/foot-slip review pending,False,a9458eba6a568cef5a2aab7aba30000468b1d95d0299faace8498af5cc5e87c2,,NOT_OBSERVED_IN_THIS_CAPTURE_SET,PENDING_ALL_MOVE_SCREEN_SPACE_MEASUREMENT,PENDING_INDEPENDENT_HAIR_CLOTH_ARMOR,False
vesper-nyx,up_tilt,up,6,19,EXPLICIT_KEY_POSE_CANDIDATE_RUNTIME,counter-rotated feet; final IK/foot-slip review pending,False,f713d1788903c90dc0f5bd94a05713272df3ec395a96b7220dae56a0c5b70c0d,,NOT_OBSERVED_IN_THIS_CAPTURE_SET,PENDING_ALL_MOVE_SCREEN_SPACE_MEASUREMENT,PENDING_INDEPENDENT_HAIR_CLOTH_ARMOR,False
vesper-nyx,down_tilt,down,5,17,EXPLICIT_KEY_POSE_CANDIDATE_RUNTIME,counter-rotated feet; final IK/foot-slip review pending,False,c987a04f0a1a7372400eb427a48640a8b9f7b67597d2132b3a2beb7c5f393ddd,,NOT_OBSERVED_IN_THIS_CAPTURE_SET,PENDING_ALL_MOVE_SCREEN_SPACE_MEASUREMENT,PENDING_INDEPENDENT_HAIR_CLOTH_ARMOR,False
vesper-nyx,dash_attack,strike,6,21,EXPLICIT_KEY_POSE_CANDIDATE_RUNTIME,counter-rotated feet; final IK/foot-slip review pending,False,b0b54e68ae72abff2f619d191b754a7a5dd3df5e064d26502ca8e9758c8f57e0,vesper-nyx,OBSERVED_IN_AUTOMATED_INPUT,PENDING_ALL_MOVE_SCREEN_SPACE_MEASUREMENT,PENDING_INDEPENDENT_HAIR_CLOTH_ARMOR,False
vesper-nyx,heavy_attack,heavy,9,30,EXPLICIT_KEY_POSE_CANDIDATE_RUNTIME,counter-rotated feet; final IK/foot-slip review pending,False,248148881e51f1afa7a6266f8d147f54c44370dd2d9711836d609bd0c8878c9f,vesper-nyx,OBSERVED_IN_AUTOMATED_INPUT,PENDING_ALL_MOVE_SCREEN_SPACE_MEASUREMENT,PENDING_INDEPENDENT_HAIR_CLOTH_ARMOR,False
vesper-nyx,neutral_air,aerial,4,14,EXPLICIT_KEY_POSE_CANDIDATE_RUNTIME,counter-rotated feet; final IK/foot-slip review pending,False,eb80910e9aae518a6e161d68a71633ead204983074e47ef5c6f43eb83efe0162,,NOT_OBSERVED_IN_THIS_CAPTURE_SET,PENDING_ALL_MOVE_SCREEN_SPACE_MEASUREMENT,PENDING_INDEPENDENT_HAIR_CLOTH_ARMOR,False
vesper-nyx,forward_air,aerial,5,16,EXPLICIT_KEY_POSE_CANDIDATE_RUNTIME,counter-rotated feet; final IK/foot-slip review pending,False,2169545863979e03f794dfdb958a8e37f80b8459e25d89ca0aeb2eb196137319,vesper-nyx,OBSERVED_IN_AUTOMATED_INPUT,PENDING_ALL_MOVE_SCREEN_SPACE_MEASUREMENT,PENDING_INDEPENDENT_HAIR_CLOTH_ARMOR,False
vesper-nyx,back_air,aerial,5,16,EXPLICIT_KEY_POSE_CANDIDATE_RUNTIME,counter-rotated feet; final IK/foot-slip review pending,False,3df91d5c67d72b8b9766d657ecc625c84c323b5e5e0f23e7e5c27b895977369e,,NOT_OBSERVED_IN_THIS_CAPTURE_SET,PENDING_ALL_MOVE_SCREEN_SPACE_MEASUREMENT,PENDING_INDEPENDENT_HAIR_CLOTH_ARMOR,False
vesper-nyx,up_air,aerial,5,17,EXPLICIT_KEY_POSE_CANDIDATE_RUNTIME,counter-rotated feet; final IK/foot-slip review pending,False,99c3e6cd1d036eca533b59193c3143f665b33415495343eb00ead82b552b80dc,,NOT_OBSERVED_IN_THIS_CAPTURE_SET,PENDING_ALL_MOVE_SCREEN_SPACE_MEASUREMENT,PENDING_INDEPENDENT_HAIR_CLOTH_ARMOR,False
vesper-nyx,down_air,aerial,5,22,EXPLICIT_KEY_POSE_CANDIDATE_RUNTIME,counter-rotated feet; final IK/foot-slip review pending,False,59a28b6b3a9580e9436bab4af8caf1c6984fe442676c7d50b66d7ad7effaae73,,NOT_OBSERVED_IN_THIS_CAPTURE_SET,PENDING_ALL_MOVE_SCREEN_SPACE_MEASUREMENT,PENDING_INDEPENDENT_HAIR_CLOTH_ARMOR,False
vesper-nyx,neutral_special_projectile,projectile,6,20,EXPLICIT_KEY_POSE_CANDIDATE_RUNTIME,counter-rotated feet; final IK/foot-slip review pending,False,f901fae5f348cdb54716a0b7520e262e0859774b5cf19b0f350ce33f198610aa,vesper-nyx,OBSERVED_IN_AUTOMATED_INPUT,PENDING_ALL_MOVE_SCREEN_SPACE_MEASUREMENT,PENDING_INDEPENDENT_HAIR_CLOTH_ARMOR,False
vesper-nyx,side_special,strike,7,23,EXPLICIT_KEY_POSE_CANDIDATE_RUNTIME,counter-rotated feet; final IK/foot-slip review pending,False,0fdf4a19b1da12bc06662c6c55d39d7394698a67bbe60cfd58c3ce36bc7c1de4,,NOT_OBSERVED_IN_THIS_CAPTURE_SET,PENDING_ALL_MOVE_SCREEN_SPACE_MEASUREMENT,PENDING_INDEPENDENT_HAIR_CLOTH_ARMOR,False
vesper-nyx,up_special_recovery,up,5,24,EXPLICIT_KEY_POSE_CANDIDATE_RUNTIME,counter-rotated feet; final IK/foot-slip review pending,False,e1a934dee40dcb3a8406aa846a9340cf69595afe58630052041af04179b06e76,,NOT_OBSERVED_IN_THIS_CAPTURE_SET,PENDING_ALL_MOVE_SCREEN_SPACE_MEASUREMENT,PENDING_INDEPENDENT_HAIR_CLOTH_ARMOR,False
vesper-nyx,down_special,down,8,29,EXPLICIT_KEY_POSE_CANDIDATE_RUNTIME,counter-rotated feet; final IK/foot-slip review pending,False,22825f98b5f9b25412aea21be261a3208c9e6df4f74a6f4e0eec5a7cd71a421b,,NOT_OBSERVED_IN_THIS_CAPTURE_SET,PENDING_ALL_MOVE_SCREEN_SPACE_MEASUREMENT,PENDING_INDEPENDENT_HAIR_CLOTH_ARMOR,False
vesper-nyx,grab,strike,5,22,EXPLICIT_KEY_POSE_CANDIDATE_RUNTIME,counter-rotated feet; final IK/foot-slip review pending,False,18f198a4a092e6823a2679ccd162ca5ffbd3dcceb792b48c5a4e9b212bb60f82,,NOT_OBSERVED_IN_THIS_CAPTURE_SET,PENDING_ALL_MOVE_SCREEN_SPACE_MEASUREMENT,PENDING_INDEPENDENT_HAIR_CLOTH_ARMOR,False
vesper-nyx,throw_forward,strike,5,17,EXPLICIT_KEY_POSE_CANDIDATE_RUNTIME,counter-rotated feet; final IK/foot-slip review pending,False,b83189f07c2f1ee40b78b31983ad2e2ee860043ac26fd24977fda6f552e02320,,NOT_OBSERVED_IN_THIS_CAPTURE_SET,PENDING_ALL_MOVE_SCREEN_SPACE_MEASUREMENT,PENDING_INDEPENDENT_HAIR_CLOTH_ARMOR,False
vesper-nyx,throw_back,strike,5,17,EXPLICIT_KEY_POSE_CANDIDATE_RUNTIME,counter-rotated feet; final IK/foot-slip review pending,False,d443e0120b2282dcfacdac32687e373d6a73d13164f9d04ef5ad6fe5c9af25bd,,NOT_OBSERVED_IN_THIS_CAPTURE_SET,PENDING_ALL_MOVE_SCREEN_SPACE_MEASUREMENT,PENDING_INDEPENDENT_HAIR_CLOTH_ARMOR,False
vesper-nyx,throw_up,strike,5,17,EXPLICIT_KEY_POSE_CANDIDATE_RUNTIME,counter-rotated feet; final IK/foot-slip review pending,False,b83189f07c2f1ee40b78b31983ad2e2ee860043ac26fd24977fda6f552e02320,,NOT_OBSERVED_IN_THIS_CAPTURE_SET,PENDING_ALL_MOVE_SCREEN_SPACE_MEASUREMENT,PENDING_INDEPENDENT_HAIR_CLOTH_ARMOR,False
vesper-nyx,throw_down,strike,6,19,EXPLICIT_KEY_POSE_CANDIDATE_RUNTIME,counter-rotated feet; final IK/foot-slip review pending,False,3fa5a4e9735755be002e9050311ab8d89d2378a5ebcaaab07bda896bbd5ee9ca,,NOT_OBSERVED_IN_THIS_CAPTURE_SET,PENDING_ALL_MOVE_SCREEN_SPACE_MEASUREMENT,PENDING_INDEPENDENT_HAIR_CLOTH_ARMOR,False
vesper-nyx,aura_charge,strike,1,0,EXPLICIT_KEY_POSE_CANDIDATE_RUNTIME,counter-rotated feet; final IK/foot-slip review pending,False,f98177b503d64d4905127ff557ff3cbabb3af44b6804a738df8898fa2eb096cc,,NOT_OBSERVED_IN_THIS_CAPTURE_SET,PENDING_ALL_MOVE_SCREEN_SPACE_MEASUREMENT,PENDING_INDEPENDENT_HAIR_CLOTH_ARMOR,False
vesper-nyx,aura_burst,projectile,11,40,EXPLICIT_KEY_POSE_CANDIDATE_RUNTIME,counter-rotated feet; final IK/foot-slip review pending,False,483ca5df7ad4e030105a19beaf97831146aa7a46613913c1fe2364207a78d841,vesper-nyx,OBSERVED_IN_AUTOMATED_INPUT,PENDING_ALL_MOVE_SCREEN_SPACE_MEASUREMENT,PENDING_INDEPENDENT_HAIR_CLOTH_ARMOR,False
yin,jab_1,strike,4,12,EXPLICIT_KEY_POSE_CANDIDATE_RUNTIME,counter-rotated feet; final IK/foot-slip review pending,False,e6444e873902e4789c430a2b8aec1e1aefd22e2477a1eb23f6ac7d093cf97404,yin,OBSERVED_IN_AUTOMATED_INPUT,PENDING_ALL_MOVE_SCREEN_SPACE_MEASUREMENT,PENDING_INDEPENDENT_HAIR_CLOTH_ARMOR,False
yin,jab_2,strike,4,13,EXPLICIT_KEY_POSE_CANDIDATE_RUNTIME,counter-rotated feet; final IK/foot-slip review pending,False,05a359adcb0fae3469b36887e6b0cde3f575bef8437f6fb21a3d03e737ea787e,yin,OBSERVED_IN_AUTOMATED_INPUT,PENDING_ALL_MOVE_SCREEN_SPACE_MEASUREMENT,PENDING_INDEPENDENT_HAIR_CLOTH_ARMOR,False
yin,jab_finisher,strike,5,18,EXPLICIT_KEY_POSE_CANDIDATE_RUNTIME,counter-rotated feet; final IK/foot-slip review pending,False,4fd65cdb0c63a9fe6a8fee47afb71cc20b0bf381f8426ef1efcf2d83213837a4,yin,OBSERVED_IN_AUTOMATED_INPUT,PENDING_ALL_MOVE_SCREEN_SPACE_MEASUREMENT,PENDING_INDEPENDENT_HAIR_CLOTH_ARMOR,False
yin,forward_tilt,strike,6,19,EXPLICIT_KEY_POSE_CANDIDATE_RUNTIME,counter-rotated feet; final IK/foot-slip review pending,False,c361fb678e177518e85acf62e403c0fdeccbc22f463053a47c785d6d1bb3354d,,NOT_OBSERVED_IN_THIS_CAPTURE_SET,PENDING_ALL_MOVE_SCREEN_SPACE_MEASUREMENT,PENDING_INDEPENDENT_HAIR_CLOTH_ARMOR,False
yin,up_tilt,up,6,19,EXPLICIT_KEY_POSE_CANDIDATE_RUNTIME,counter-rotated feet; final IK/foot-slip review pending,False,b87493c40d1136d5fafdea4030b505bef456406a963a07a59b90ac8f6e782174,,NOT_OBSERVED_IN_THIS_CAPTURE_SET,PENDING_ALL_MOVE_SCREEN_SPACE_MEASUREMENT,PENDING_INDEPENDENT_HAIR_CLOTH_ARMOR,False
yin,down_tilt,down,5,17,EXPLICIT_KEY_POSE_CANDIDATE_RUNTIME,counter-rotated feet; final IK/foot-slip review pending,False,0b8d31efddc55fd059f293d98ff791219c7af3f85bfd334f614847efb3a71fe5,,NOT_OBSERVED_IN_THIS_CAPTURE_SET,PENDING_ALL_MOVE_SCREEN_SPACE_MEASUREMENT,PENDING_INDEPENDENT_HAIR_CLOTH_ARMOR,False
yin,dash_attack,strike,6,24,EXPLICIT_KEY_POSE_CANDIDATE_RUNTIME,counter-rotated feet; final IK/foot-slip review pending,False,2914d5e8c75dc3c0488ddff0a3673f462463af70261a46020d824f4f779b36e6,yin,OBSERVED_IN_AUTOMATED_INPUT,PENDING_ALL_MOVE_SCREEN_SPACE_MEASUREMENT,PENDING_INDEPENDENT_HAIR_CLOTH_ARMOR,False
yin,heavy_attack,heavy,9,30,EXPLICIT_KEY_POSE_CANDIDATE_RUNTIME,counter-rotated feet; final IK/foot-slip review pending,False,f4b42b25689ead7086acd37f6ceba23ef7b986a156dc1fa15f445f7b7246dc0d,yin,OBSERVED_IN_AUTOMATED_INPUT,PENDING_ALL_MOVE_SCREEN_SPACE_MEASUREMENT,PENDING_INDEPENDENT_HAIR_CLOTH_ARMOR,False
yin,neutral_air,aerial,4,15,EXPLICIT_KEY_POSE_CANDIDATE_RUNTIME,counter-rotated feet; final IK/foot-slip review pending,False,910b10cac536272dd4c096892e16397fd09e1be3635e6e48d3d45779d9f9373a,,NOT_OBSERVED_IN_THIS_CAPTURE_SET,PENDING_ALL_MOVE_SCREEN_SPACE_MEASUREMENT,PENDING_INDEPENDENT_HAIR_CLOTH_ARMOR,False
yin,forward_air,aerial,5,17,EXPLICIT_KEY_POSE_CANDIDATE_RUNTIME,counter-rotated feet; final IK/foot-slip review pending,False,5a67a3e12224837838bc654da76b40dc050dd43ddd9433fc639f211adcb996c9,yin,OBSERVED_IN_AUTOMATED_INPUT,PENDING_ALL_MOVE_SCREEN_SPACE_MEASUREMENT,PENDING_INDEPENDENT_HAIR_CLOTH_ARMOR,False
yin,back_air,aerial,5,17,EXPLICIT_KEY_POSE_CANDIDATE_RUNTIME,counter-rotated feet; final IK/foot-slip review pending,False,6c24ed49c3da25f052a84ea5bceb8c034be85a084b53a166162c63f7dfd80c46,,NOT_OBSERVED_IN_THIS_CAPTURE_SET,PENDING_ALL_MOVE_SCREEN_SPACE_MEASUREMENT,PENDING_INDEPENDENT_HAIR_CLOTH_ARMOR,False
yin,up_air,aerial,5,17,EXPLICIT_KEY_POSE_CANDIDATE_RUNTIME,counter-rotated feet; final IK/foot-slip review pending,False,5a67a3e12224837838bc654da76b40dc050dd43ddd9433fc639f211adcb996c9,,NOT_OBSERVED_IN_THIS_CAPTURE_SET,PENDING_ALL_MOVE_SCREEN_SPACE_MEASUREMENT,PENDING_INDEPENDENT_HAIR_CLOTH_ARMOR,False
yin,down_air,aerial,5,17,EXPLICIT_KEY_POSE_CANDIDATE_RUNTIME,counter-rotated feet; final IK/foot-slip review pending,False,5a67a3e12224837838bc654da76b40dc050dd43ddd9433fc639f211adcb996c9,,NOT_OBSERVED_IN_THIS_CAPTURE_SET,PENDING_ALL_MOVE_SCREEN_SPACE_MEASUREMENT,PENDING_INDEPENDENT_HAIR_CLOTH_ARMOR,False
yin,neutral_special_projectile,projectile,6,21,EXPLICIT_KEY_POSE_CANDIDATE_RUNTIME,counter-rotated feet; final IK/foot-slip review pending,False,a76d5bc9927c666220b6874319d328324638be371a269e9a628aacb5a5cf2c8e,yin,OBSERVED_IN_AUTOMATED_INPUT,PENDING_ALL_MOVE_SCREEN_SPACE_MEASUREMENT,PENDING_INDEPENDENT_HAIR_CLOTH_ARMOR,False
yin,side_special,strike,7,26,EXPLICIT_KEY_POSE_CANDIDATE_RUNTIME,counter-rotated feet; final IK/foot-slip review pending,False,d4b2821a9e13326febef0b19b951695b07c1188f8b73fdcbaa02f994c695f0c5,,NOT_OBSERVED_IN_THIS_CAPTURE_SET,PENDING_ALL_MOVE_SCREEN_SPACE_MEASUREMENT,PENDING_INDEPENDENT_HAIR_CLOTH_ARMOR,False
yin,up_special_recovery,up,6,27,EXPLICIT_KEY_POSE_CANDIDATE_RUNTIME,counter-rotated feet; final IK/foot-slip review pending,False,3d9bd00ab22b6e569deb82f43ce7454e7c0db1d09c91bd83fcaee395979f427f,,NOT_OBSERVED_IN_THIS_CAPTURE_SET,PENDING_ALL_MOVE_SCREEN_SPACE_MEASUREMENT,PENDING_INDEPENDENT_HAIR_CLOTH_ARMOR,False
yin,down_special,down,8,32,EXPLICIT_KEY_POSE_CANDIDATE_RUNTIME,counter-rotated feet; final IK/foot-slip review pending,False,b16c28db75884f19e5f041ae59ef57aa3476d029a2453a3487a06ecd919149c6,,NOT_OBSERVED_IN_THIS_CAPTURE_SET,PENDING_ALL_MOVE_SCREEN_SPACE_MEASUREMENT,PENDING_INDEPENDENT_HAIR_CLOTH_ARMOR,False
yin,grab,strike,6,26,EXPLICIT_KEY_POSE_CANDIDATE_RUNTIME,counter-rotated feet; final IK/foot-slip review pending,False,664226f5dfe336feb3b4d72ff2243d401e3c2fb29e8dc0c802499403cc1721e2,,NOT_OBSERVED_IN_THIS_CAPTURE_SET,PENDING_ALL_MOVE_SCREEN_SPACE_MEASUREMENT,PENDING_INDEPENDENT_HAIR_CLOTH_ARMOR,False
yin,throw_forward,strike,5,18,EXPLICIT_KEY_POSE_CANDIDATE_RUNTIME,counter-rotated feet; final IK/foot-slip review pending,False,11998a57241db54306517f3f0932bd7da5af0f17f994319fcc1ecdf7d0dc55ea,,NOT_OBSERVED_IN_THIS_CAPTURE_SET,PENDING_ALL_MOVE_SCREEN_SPACE_MEASUREMENT,PENDING_INDEPENDENT_HAIR_CLOTH_ARMOR,False
yin,throw_back,strike,6,20,EXPLICIT_KEY_POSE_CANDIDATE_RUNTIME,counter-rotated feet; final IK/foot-slip review pending,False,10c87b61a31af505ecc218e3e37355b53877b3cc4336e66676de992f3b35b509,,NOT_OBSERVED_IN_THIS_CAPTURE_SET,PENDING_ALL_MOVE_SCREEN_SPACE_MEASUREMENT,PENDING_INDEPENDENT_HAIR_CLOTH_ARMOR,False
yin,throw_up,strike,5,18,EXPLICIT_KEY_POSE_CANDIDATE_RUNTIME,counter-rotated feet; final IK/foot-slip review pending,False,11998a57241db54306517f3f0932bd7da5af0f17f994319fcc1ecdf7d0dc55ea,,NOT_OBSERVED_IN_THIS_CAPTURE_SET,PENDING_ALL_MOVE_SCREEN_SPACE_MEASUREMENT,PENDING_INDEPENDENT_HAIR_CLOTH_ARMOR,False
yin,throw_down,strike,6,22,EXPLICIT_KEY_POSE_CANDIDATE_RUNTIME,counter-rotated feet; final IK/foot-slip review pending,False,5886dc8d4b3ac5c75b30a5d1a87940b4bcf3f7f58c0c7c878bdfa519c4c6559c,,NOT_OBSERVED_IN_THIS_CAPTURE_SET,PENDING_ALL_MOVE_SCREEN_SPACE_MEASUREMENT,PENDING_INDEPENDENT_HAIR_CLOTH_ARMOR,False
yin,aura_charge,strike,1,0,EXPLICIT_KEY_POSE_CANDIDATE_RUNTIME,counter-rotated feet; final IK/foot-slip review pending,False,daff74fe548641c47162d2a4eb9fd051c6a2d80758b45a403b031e53e485e502,,NOT_OBSERVED_IN_THIS_CAPTURE_SET,PENDING_ALL_MOVE_SCREEN_SPACE_MEASUREMENT,PENDING_INDEPENDENT_HAIR_CLOTH_ARMOR,False
yin,aura_burst,projectile,11,40,EXPLICIT_KEY_POSE_CANDIDATE_RUNTIME,counter-rotated feet; final IK/foot-slip review pending,False,326e17642b1eae5cc689cb35726adef35098e7bfb108747dd1919ba71a29919d,yin,OBSERVED_IN_AUTOMATED_INPUT,PENDING_ALL_MOVE_SCREEN_SPACE_MEASUREMENT,PENDING_INDEPENDENT_HAIR_CLOTH_ARMOR,False
yang,jab_1,strike,4,12,EXPLICIT_KEY_POSE_CANDIDATE_RUNTIME,counter-rotated feet; final IK/foot-slip review pending,False,35b7926eda9aab212ea7048de40caf6cb2d29199bedcdb8a049e07a09a5e1886,yang,OBSERVED_IN_AUTOMATED_INPUT,PENDING_ALL_MOVE_SCREEN_SPACE_MEASUREMENT,PENDING_INDEPENDENT_HAIR_CLOTH_ARMOR,False
yang,jab_2,strike,4,13,EXPLICIT_KEY_POSE_CANDIDATE_RUNTIME,counter-rotated feet; final IK/foot-slip review pending,False,9373db041a441e486c70c2575f0969f5a140ffd5b2f400bed4722cce93d43976,yang,OBSERVED_IN_AUTOMATED_INPUT,PENDING_ALL_MOVE_SCREEN_SPACE_MEASUREMENT,PENDING_INDEPENDENT_HAIR_CLOTH_ARMOR,False
yang,jab_finisher,strike,5,18,EXPLICIT_KEY_POSE_CANDIDATE_RUNTIME,counter-rotated feet; final IK/foot-slip review pending,False,ecafff5524e8d8a8f3ca122a9f61bfd4724b889e5b437c08ed77d321fbd72b48,yang,OBSERVED_IN_AUTOMATED_INPUT,PENDING_ALL_MOVE_SCREEN_SPACE_MEASUREMENT,PENDING_INDEPENDENT_HAIR_CLOTH_ARMOR,False
yang,forward_tilt,strike,6,19,EXPLICIT_KEY_POSE_CANDIDATE_RUNTIME,counter-rotated feet; final IK/foot-slip review pending,False,e4ba817ef536ea022993da8b57235bf95409cda42eecc27029c3adb2baaae17a,,NOT_OBSERVED_IN_THIS_CAPTURE_SET,PENDING_ALL_MOVE_SCREEN_SPACE_MEASUREMENT,PENDING_INDEPENDENT_HAIR_CLOTH_ARMOR,False
yang,up_tilt,up,6,19,EXPLICIT_KEY_POSE_CANDIDATE_RUNTIME,counter-rotated feet; final IK/foot-slip review pending,False,c4a0f1df62876bbc45677cc2605a61234e24a8d234f5195a3f8a3d218210c446,,NOT_OBSERVED_IN_THIS_CAPTURE_SET,PENDING_ALL_MOVE_SCREEN_SPACE_MEASUREMENT,PENDING_INDEPENDENT_HAIR_CLOTH_ARMOR,False
yang,down_tilt,down,5,17,EXPLICIT_KEY_POSE_CANDIDATE_RUNTIME,counter-rotated feet; final IK/foot-slip review pending,False,a9f66551b3394b7e37c279d7b96dbb8cedf869c974b8efc84a40873ecdd9ef09,,NOT_OBSERVED_IN_THIS_CAPTURE_SET,PENDING_ALL_MOVE_SCREEN_SPACE_MEASUREMENT,PENDING_INDEPENDENT_HAIR_CLOTH_ARMOR,False
yang,dash_attack,strike,6,24,EXPLICIT_KEY_POSE_CANDIDATE_RUNTIME,counter-rotated feet; final IK/foot-slip review pending,False,828734c45b10d70b8d10a24a38931b44c38f6ec1f6faf37b423a80e6ef91312b,yang,OBSERVED_IN_AUTOMATED_INPUT,PENDING_ALL_MOVE_SCREEN_SPACE_MEASUREMENT,PENDING_INDEPENDENT_HAIR_CLOTH_ARMOR,False
yang,heavy_attack,heavy,9,30,EXPLICIT_KEY_POSE_CANDIDATE_RUNTIME,counter-rotated feet; final IK/foot-slip review pending,False,3e54dc22469269d5d026ed449ff4c8407dca3d516bd6e1d893e0ba093fd0897f,yang,OBSERVED_IN_AUTOMATED_INPUT,PENDING_ALL_MOVE_SCREEN_SPACE_MEASUREMENT,PENDING_INDEPENDENT_HAIR_CLOTH_ARMOR,False
yang,neutral_air,aerial,4,15,EXPLICIT_KEY_POSE_CANDIDATE_RUNTIME,counter-rotated feet; final IK/foot-slip review pending,False,c3c21a8d78c2065b196fc59baaff3ce0a647df89a337f056d9da4edb3975fca6,,NOT_OBSERVED_IN_THIS_CAPTURE_SET,PENDING_ALL_MOVE_SCREEN_SPACE_MEASUREMENT,PENDING_INDEPENDENT_HAIR_CLOTH_ARMOR,False
yang,forward_air,aerial,5,17,EXPLICIT_KEY_POSE_CANDIDATE_RUNTIME,counter-rotated feet; final IK/foot-slip review pending,False,b7ba8d3e6037114e40ac96d620866f86ae40582d47a5e63a03575bf6f92ddff6,yang,OBSERVED_IN_AUTOMATED_INPUT,PENDING_ALL_MOVE_SCREEN_SPACE_MEASUREMENT,PENDING_INDEPENDENT_HAIR_CLOTH_ARMOR,False
yang,back_air,aerial,5,17,EXPLICIT_KEY_POSE_CANDIDATE_RUNTIME,counter-rotated feet; final IK/foot-slip review pending,False,9607d1b6460f8a8ac3d81a5046cb827a163822ed7a4f2c749b8ad4ad2aadcc96,,NOT_OBSERVED_IN_THIS_CAPTURE_SET,PENDING_ALL_MOVE_SCREEN_SPACE_MEASUREMENT,PENDING_INDEPENDENT_HAIR_CLOTH_ARMOR,False
yang,up_air,aerial,5,17,EXPLICIT_KEY_POSE_CANDIDATE_RUNTIME,counter-rotated feet; final IK/foot-slip review pending,False,b7ba8d3e6037114e40ac96d620866f86ae40582d47a5e63a03575bf6f92ddff6,,NOT_OBSERVED_IN_THIS_CAPTURE_SET,PENDING_ALL_MOVE_SCREEN_SPACE_MEASUREMENT,PENDING_INDEPENDENT_HAIR_CLOTH_ARMOR,False
yang,down_air,aerial,5,17,EXPLICIT_KEY_POSE_CANDIDATE_RUNTIME,counter-rotated feet; final IK/foot-slip review pending,False,b7ba8d3e6037114e40ac96d620866f86ae40582d47a5e63a03575bf6f92ddff6,,NOT_OBSERVED_IN_THIS_CAPTURE_SET,PENDING_ALL_MOVE_SCREEN_SPACE_MEASUREMENT,PENDING_INDEPENDENT_HAIR_CLOTH_ARMOR,False
yang,neutral_special_projectile,projectile,6,21,EXPLICIT_KEY_POSE_CANDIDATE_RUNTIME,counter-rotated feet; final IK/foot-slip review pending,False,2a91f956f99344e06563fc4e487b8bcdd9c60f233e7a2c044d43e6839a2a268f,yang,OBSERVED_IN_AUTOMATED_INPUT,PENDING_ALL_MOVE_SCREEN_SPACE_MEASUREMENT,PENDING_INDEPENDENT_HAIR_CLOTH_ARMOR,False
yang,side_special,strike,7,26,EXPLICIT_KEY_POSE_CANDIDATE_RUNTIME,counter-rotated feet; final IK/foot-slip review pending,False,5c1d93f8ce32e592a21b63d9ef4ee5bbf79ebd3a509978aa4cd72f967408ebf1,,NOT_OBSERVED_IN_THIS_CAPTURE_SET,PENDING_ALL_MOVE_SCREEN_SPACE_MEASUREMENT,PENDING_INDEPENDENT_HAIR_CLOTH_ARMOR,False
yang,up_special_recovery,up,6,27,EXPLICIT_KEY_POSE_CANDIDATE_RUNTIME,counter-rotated feet; final IK/foot-slip review pending,False,fdca0f327f88d8c4e7e464affe972a6b982ed81c9021d0b9a602ca870369272d,,NOT_OBSERVED_IN_THIS_CAPTURE_SET,PENDING_ALL_MOVE_SCREEN_SPACE_MEASUREMENT,PENDING_INDEPENDENT_HAIR_CLOTH_ARMOR,False
yang,down_special,down,8,32,EXPLICIT_KEY_POSE_CANDIDATE_RUNTIME,counter-rotated feet; final IK/foot-slip review pending,False,468ae4d86331c81050246539d4d029613560605a08b99b240aefe8c14ac93fdf,,NOT_OBSERVED_IN_THIS_CAPTURE_SET,PENDING_ALL_MOVE_SCREEN_SPACE_MEASUREMENT,PENDING_INDEPENDENT_HAIR_CLOTH_ARMOR,False
yang,grab,strike,6,26,EXPLICIT_KEY_POSE_CANDIDATE_RUNTIME,counter-rotated feet; final IK/foot-slip review pending,False,13b9ac60c2af47e1b497f89cab5956ee2d4bb86f6024d5734cf5c580754a31f6,,NOT_OBSERVED_IN_THIS_CAPTURE_SET,PENDING_ALL_MOVE_SCREEN_SPACE_MEASUREMENT,PENDING_INDEPENDENT_HAIR_CLOTH_ARMOR,False
yang,throw_forward,strike,5,18,EXPLICIT_KEY_POSE_CANDIDATE_RUNTIME,counter-rotated feet; final IK/foot-slip review pending,False,4a202a52d81d8c7a52cb14da489b137cd359d2f0e7fa6cae02fc4d63c05bcff6,,NOT_OBSERVED_IN_THIS_CAPTURE_SET,PENDING_ALL_MOVE_SCREEN_SPACE_MEASUREMENT,PENDING_INDEPENDENT_HAIR_CLOTH_ARMOR,False
yang,throw_back,strike,6,20,EXPLICIT_KEY_POSE_CANDIDATE_RUNTIME,counter-rotated feet; final IK/foot-slip review pending,False,4ebf8d4d436374edfe0d8b36e8ea9c4757679bb9c5183fcc3de09f5e55aa00a4,,NOT_OBSERVED_IN_THIS_CAPTURE_SET,PENDING_ALL_MOVE_SCREEN_SPACE_MEASUREMENT,PENDING_INDEPENDENT_HAIR_CLOTH_ARMOR,False
yang,throw_up,strike,5,18,EXPLICIT_KEY_POSE_CANDIDATE_RUNTIME,counter-rotated feet; final IK/foot-slip review pending,False,4a202a52d81d8c7a52cb14da489b137cd359d2f0e7fa6cae02fc4d63c05bcff6,,NOT_OBSERVED_IN_THIS_CAPTURE_SET,PENDING_ALL_MOVE_SCREEN_SPACE_MEASUREMENT,PENDING_INDEPENDENT_HAIR_CLOTH_ARMOR,False
yang,throw_down,strike,6,22,EXPLICIT_KEY_POSE_CANDIDATE_RUNTIME,counter-rotated feet; final IK/foot-slip review pending,False,3b0989071adf5a1ea3dc3abcca10e35e619ec61e3e6648b110db0b0b819c918e,,NOT_OBSERVED_IN_THIS_CAPTURE_SET,PENDING_ALL_MOVE_SCREEN_SPACE_MEASUREMENT,PENDING_INDEPENDENT_HAIR_CLOTH_ARMOR,False
yang,aura_charge,strike,1,0,EXPLICIT_KEY_POSE_CANDIDATE_RUNTIME,counter-rotated feet; final IK/foot-slip review pending,False,596e8034a7d404b2212b6ecd44dd386df3e522661992e074648b16d25c863504,,NOT_OBSERVED_IN_THIS_CAPTURE_SET,PENDING_ALL_MOVE_SCREEN_SPACE_MEASUREMENT,PENDING_INDEPENDENT_HAIR_CLOTH_ARMOR,False
yang,aura_burst,projectile,11,40,EXPLICIT_KEY_POSE_CANDIDATE_RUNTIME,counter-rotated feet; final IK/foot-slip review pending,False,146eff40771b28c120419f6faa3aa3c4a1671d01f6b515663f10f38aa17bd3df,yang,OBSERVED_IN_AUTOMATED_INPUT,PENDING_ALL_MOVE_SCREEN_SPACE_MEASUREMENT,PENDING_INDEPENDENT_HAIR_CLOTH_ARMOR,False
