node_id,cue_count,events,status
kaia-windrow:prologue,6,encounter_intro;combat_contact;encounter_success,INTEGRATED_EVENT_BINDING
kaia-windrow:recruit:juno-spark,5,encounter_intro;combat_contact;encounter_success,INTEGRATED_EVENT_BINDING
kaia-windrow:recruit:nix-calder,5,encounter_intro;combat_contact;encounter_success,INTEGRATED_EVENT_BINDING
kaia-windrow:recruit:rook-ironside,5,encounter_intro;combat_contact;encounter_success,INTEGRATED_EVENT_BINDING
kaia-windrow:recruit:orion-vell,5,encounter_intro;combat_contact;encounter_success,INTEGRATED_EVENT_BINDING
kaia-windrow:recruit:ember-vale,5,encounter_intro;combat_contact;encounter_success,INTEGRATED_EVENT_BINDING
kaia-windrow:recruit:vesper-nyx,5,encounter_intro;combat_contact;encounter_success,INTEGRATED_EVENT_BINDING
kaia-windrow:accord,9,scene_start;scene_resolution,INTEGRATED_EVENT_BINDING
kaia-windrow:catastrophe,10,scene_start;scene_turn;scene_resolution,INTEGRATED_EVENT_BINDING
kaia-windrow:impossible_battle_1,6,encounter_intro;cosmic_engaged;encounter_success,INTEGRATED_EVENT_BINDING
kaia-windrow:first_loss,16,encounter_intro;decision_made;first_loss_signal;first_loss_resolved,INTEGRATED_EVENT_BINDING
kaia-windrow:puppet_imbalance,6,encounter_intro;puppet_contact;encounter_success,INTEGRATED_EVENT_BINDING
kaia-windrow:first_release,6,encounter_intro;release_ready;puppet_released;essence_earned,INTEGRATED_EVENT_BINDING
kaia-windrow:equilibrium,6,encounter_intro;center_guard;encounter_success,INTEGRATED_EVENT_BINDING
kaia-windrow:dual_release_1,5,encounter_intro;release_ready;puppet_released;essence_earned,INTEGRATED_EVENT_BINDING
kaia-windrow:dual_release_2,6,encounter_intro;release_ready;puppet_released;essence_earned,INTEGRATED_EVENT_BINDING
kaia-windrow:prismatic_gray,7,encounter_intro;gray_signals_collected;transformation_started;gray_manifested,INTEGRATED_EVENT_BINDING
kaia-windrow:impossible_battle_2,10,encounter_intro;gray_combat_action;encounter_success,INTEGRATED_EVENT_BINDING
kaia-windrow:epilogue,7,scene_start;scene_turn;scene_resolution,INTEGRATED_EVENT_BINDING
kaia-windrow:unlock,4,scene_start;scene_turn;scene_resolution,INTEGRATED_EVENT_BINDING
ember-vale:prologue,6,encounter_intro;combat_contact;encounter_success,INTEGRATED_EVENT_BINDING
ember-vale:recruit:vesper-nyx,6,encounter_intro;combat_contact;encounter_success,INTEGRATED_EVENT_BINDING
ember-vale:recruit:rook-ironside,6,encounter_intro;combat_contact;encounter_success,INTEGRATED_EVENT_BINDING
ember-vale:recruit:orion-vell,6,encounter_intro;combat_contact;encounter_success,INTEGRATED_EVENT_BINDING
ember-vale:recruit:juno-spark,6,encounter_intro;combat_contact;encounter_success,INTEGRATED_EVENT_BINDING
ember-vale:recruit:nix-calder,6,encounter_intro;combat_contact;encounter_success,INTEGRATED_EVENT_BINDING
ember-vale:recruit:kaia-windrow,6,encounter_intro;combat_contact;encounter_success,INTEGRATED_EVENT_BINDING
ember-vale:accord,9,scene_start;scene_resolution,INTEGRATED_EVENT_BINDING
ember-vale:catastrophe,10,scene_start;scene_turn;scene_resolution,INTEGRATED_EVENT_BINDING
ember-vale:impossible_battle_1,6,encounter_intro;cosmic_engaged;encounter_success,INTEGRATED_EVENT_BINDING
ember-vale:first_loss,15,encounter_intro;decision_made;first_loss_signal;first_loss_resolved,INTEGRATED_EVENT_BINDING
ember-vale:puppet_imbalance,6,encounter_intro;puppet_contact;encounter_success,INTEGRATED_EVENT_BINDING
ember-vale:first_release,6,encounter_intro;release_ready;puppet_released;essence_earned,INTEGRATED_EVENT_BINDING
ember-vale:equilibrium,6,encounter_intro;center_guard;encounter_success,INTEGRATED_EVENT_BINDING
ember-vale:dual_release_1,5,encounter_intro;release_ready;puppet_released;essence_earned,INTEGRATED_EVENT_BINDING
ember-vale:dual_release_2,6,encounter_intro;release_ready;puppet_released;essence_earned,INTEGRATED_EVENT_BINDING
ember-vale:prismatic_gray,7,encounter_intro;gray_signals_collected;transformation_started;gray_manifested,INTEGRATED_EVENT_BINDING
ember-vale:impossible_battle_2,10,encounter_intro;gray_combat_action;encounter_success,INTEGRATED_EVENT_BINDING
ember-vale:epilogue,7,scene_start;scene_turn;scene_resolution,INTEGRATED_EVENT_BINDING
ember-vale:unlock,4,scene_start;scene_turn;scene_resolution,INTEGRATED_EVENT_BINDING
rook-ironside:prologue,6,encounter_intro;combat_contact;encounter_success,INTEGRATED_EVENT_BINDING
rook-ironside:recruit:ember-vale,6,encounter_intro;combat_contact;encounter_success,INTEGRATED_EVENT_BINDING
rook-ironside:recruit:juno-spark,6,encounter_intro;combat_contact;encounter_success,INTEGRATED_EVENT_BINDING
rook-ironside:recruit:vesper-nyx,6,encounter_intro;combat_contact;encounter_success,INTEGRATED_EVENT_BINDING
rook-ironside:recruit:kaia-windrow,6,encounter_intro;combat_contact;encounter_success,INTEGRATED_EVENT_BINDING
rook-ironside:recruit:orion-vell,6,encounter_intro;combat_contact;encounter_success,INTEGRATED_EVENT_BINDING
rook-ironside:recruit:nix-calder,6,encounter_intro;combat_contact;encounter_success,INTEGRATED_EVENT_BINDING
rook-ironside:accord,9,scene_start;scene_resolution,INTEGRATED_EVENT_BINDING
rook-ironside:catastrophe,10,scene_start;scene_turn;scene_resolution,INTEGRATED_EVENT_BINDING
rook-ironside:impossible_battle_1,6,encounter_intro;cosmic_engaged;encounter_success,INTEGRATED_EVENT_BINDING
rook-ironside:first_loss,16,encounter_intro;decision_made;first_loss_signal;first_loss_resolved,INTEGRATED_EVENT_BINDING
rook-ironside:puppet_imbalance,6,encounter_intro;puppet_contact;encounter_success,INTEGRATED_EVENT_BINDING
rook-ironside:first_release,6,encounter_intro;release_ready;puppet_released;essence_earned,INTEGRATED_EVENT_BINDING
rook-ironside:equilibrium,6,encounter_intro;center_guard;encounter_success,INTEGRATED_EVENT_BINDING
rook-ironside:dual_release_1,5,encounter_intro;release_ready;puppet_released;essence_earned,INTEGRATED_EVENT_BINDING
rook-ironside:dual_release_2,6,encounter_intro;release_ready;puppet_released;essence_earned,INTEGRATED_EVENT_BINDING
rook-ironside:prismatic_gray,7,encounter_intro;gray_signals_collected;transformation_started;gray_manifested,INTEGRATED_EVENT_BINDING
rook-ironside:impossible_battle_2,10,encounter_intro;gray_combat_action;encounter_success,INTEGRATED_EVENT_BINDING
rook-ironside:epilogue,7,scene_start;scene_turn;scene_resolution,INTEGRATED_EVENT_BINDING
rook-ironside:unlock,4,scene_start;scene_turn;scene_resolution,INTEGRATED_EVENT_BINDING
juno-spark:prologue,6,encounter_intro;combat_contact;encounter_success,INTEGRATED_EVENT_BINDING
juno-spark:recruit:rook-ironside,6,encounter_intro;combat_contact;encounter_success,INTEGRATED_EVENT_BINDING
juno-spark:recruit:kaia-windrow,6,encounter_intro;combat_contact;encounter_success,INTEGRATED_EVENT_BINDING
juno-spark:recruit:ember-vale,6,encounter_intro;combat_contact;encounter_success,INTEGRATED_EVENT_BINDING
juno-spark:recruit:nix-calder,6,encounter_intro;combat_contact;encounter_success,INTEGRATED_EVENT_BINDING
juno-spark:recruit:vesper-nyx,6,encounter_intro;combat_contact;encounter_success,INTEGRATED_EVENT_BINDING
juno-spark:recruit:orion-vell,6,encounter_intro;combat_contact;encounter_success,INTEGRATED_EVENT_BINDING
juno-spark:accord,9,scene_start;scene_resolution,INTEGRATED_EVENT_BINDING
juno-spark:catastrophe,10,scene_start;scene_turn;scene_resolution,INTEGRATED_EVENT_BINDING
juno-spark:impossible_battle_1,6,encounter_intro;cosmic_engaged;encounter_success,INTEGRATED_EVENT_BINDING
juno-spark:first_loss,20,encounter_intro;decision_made;first_loss_signal;first_loss_resolved,INTEGRATED_EVENT_BINDING
juno-spark:puppet_imbalance,6,encounter_intro;puppet_contact;encounter_success,INTEGRATED_EVENT_BINDING
juno-spark:first_release,6,encounter_intro;release_ready;puppet_released;essence_earned,INTEGRATED_EVENT_BINDING
juno-spark:equilibrium,6,encounter_intro;center_guard;encounter_success,INTEGRATED_EVENT_BINDING
juno-spark:dual_release_1,5,encounter_intro;release_ready;puppet_released;essence_earned,INTEGRATED_EVENT_BINDING
juno-spark:dual_release_2,6,encounter_intro;release_ready;puppet_released;essence_earned,INTEGRATED_EVENT_BINDING
juno-spark:prismatic_gray,7,encounter_intro;gray_signals_collected;transformation_started;gray_manifested,INTEGRATED_EVENT_BINDING
juno-spark:impossible_battle_2,10,encounter_intro;gray_combat_action;encounter_success,INTEGRATED_EVENT_BINDING
juno-spark:epilogue,7,scene_start;scene_turn;scene_resolution,INTEGRATED_EVENT_BINDING
juno-spark:unlock,4,scene_start;scene_turn;scene_resolution,INTEGRATED_EVENT_BINDING
nix-calder:prologue,6,encounter_intro;combat_contact;encounter_success,INTEGRATED_EVENT_BINDING
nix-calder:recruit:kaia-windrow,6,encounter_intro;combat_contact;encounter_success,INTEGRATED_EVENT_BINDING
nix-calder:recruit:orion-vell,6,encounter_intro;combat_contact;encounter_success,INTEGRATED_EVENT_BINDING
nix-calder:recruit:juno-spark,6,encounter_intro;combat_contact;encounter_success,INTEGRATED_EVENT_BINDING
nix-calder:recruit:vesper-nyx,6,encounter_intro;combat_contact;encounter_success,INTEGRATED_EVENT_BINDING
nix-calder:recruit:rook-ironside,6,encounter_intro;combat_contact;encounter_success,INTEGRATED_EVENT_BINDING
nix-calder:recruit:ember-vale,6,encounter_intro;combat_contact;encounter_success,INTEGRATED_EVENT_BINDING
nix-calder:accord,9,scene_start;scene_resolution,INTEGRATED_EVENT_BINDING
nix-calder:catastrophe,10,scene_start;scene_turn;scene_resolution,INTEGRATED_EVENT_BINDING
nix-calder:impossible_battle_1,6,encounter_intro;cosmic_engaged;encounter_success,INTEGRATED_EVENT_BINDING
nix-calder:first_loss,15,encounter_intro;decision_made;first_loss_signal;first_loss_resolved,INTEGRATED_EVENT_BINDING
nix-calder:puppet_imbalance,6,encounter_intro;puppet_contact;encounter_success,INTEGRATED_EVENT_BINDING
nix-calder:first_release,6,encounter_intro;release_ready;puppet_released;essence_earned,INTEGRATED_EVENT_BINDING
nix-calder:equilibrium,6,encounter_intro;center_guard;encounter_success,INTEGRATED_EVENT_BINDING
nix-calder:dual_release_1,5,encounter_intro;release_ready;puppet_released;essence_earned,INTEGRATED_EVENT_BINDING
nix-calder:dual_release_2,6,encounter_intro;release_ready;puppet_released;essence_earned,INTEGRATED_EVENT_BINDING
nix-calder:prismatic_gray,7,encounter_intro;gray_signals_collected;transformation_started;gray_manifested,INTEGRATED_EVENT_BINDING
nix-calder:impossible_battle_2,10,encounter_intro;gray_combat_action;encounter_success,INTEGRATED_EVENT_BINDING
nix-calder:epilogue,7,scene_start;scene_turn;scene_resolution,INTEGRATED_EVENT_BINDING
nix-calder:unlock,4,scene_start;scene_turn;scene_resolution,INTEGRATED_EVENT_BINDING
orion-vell:prologue,6,encounter_intro;combat_contact;encounter_success,INTEGRATED_EVENT_BINDING
orion-vell:recruit:nix-calder,6,encounter_intro;combat_contact;encounter_success,INTEGRATED_EVENT_BINDING
orion-vell:recruit:vesper-nyx,6,encounter_intro;combat_contact;encounter_success,INTEGRATED_EVENT_BINDING
orion-vell:recruit:kaia-windrow,6,encounter_intro;combat_contact;encounter_success,INTEGRATED_EVENT_BINDING
orion-vell:recruit:ember-vale,6,encounter_intro;combat_contact;encounter_success,INTEGRATED_EVENT_BINDING
orion-vell:recruit:juno-spark,6,encounter_intro;combat_contact;encounter_success,INTEGRATED_EVENT_BINDING
orion-vell:recruit:rook-ironside,6,encounter_intro;combat_contact;encounter_success,INTEGRATED_EVENT_BINDING
orion-vell:accord,9,scene_start;scene_resolution,INTEGRATED_EVENT_BINDING
orion-vell:catastrophe,10,scene_start;scene_turn;scene_resolution,INTEGRATED_EVENT_BINDING
orion-vell:impossible_battle_1,6,encounter_intro;cosmic_engaged;encounter_success,INTEGRATED_EVENT_BINDING
orion-vell:first_loss,16,encounter_intro;decision_made;first_loss_signal;first_loss_resolved,INTEGRATED_EVENT_BINDING
orion-vell:puppet_imbalance,6,encounter_intro;puppet_contact;encounter_success,INTEGRATED_EVENT_BINDING
orion-vell:first_release,6,encounter_intro;release_ready;puppet_released;essence_earned,INTEGRATED_EVENT_BINDING
orion-vell:equilibrium,6,encounter_intro;center_guard;encounter_success,INTEGRATED_EVENT_BINDING
orion-vell:dual_release_1,5,encounter_intro;release_ready;puppet_released;essence_earned,INTEGRATED_EVENT_BINDING
orion-vell:dual_release_2,6,encounter_intro;release_ready;puppet_released;essence_earned,INTEGRATED_EVENT_BINDING
orion-vell:prismatic_gray,7,encounter_intro;gray_signals_collected;transformation_started;gray_manifested,INTEGRATED_EVENT_BINDING
orion-vell:impossible_battle_2,10,encounter_intro;gray_combat_action;encounter_success,INTEGRATED_EVENT_BINDING
orion-vell:epilogue,7,scene_start;scene_turn;scene_resolution,INTEGRATED_EVENT_BINDING
orion-vell:unlock,4,scene_start;scene_turn;scene_resolution,INTEGRATED_EVENT_BINDING
vesper-nyx:prologue,6,encounter_intro;combat_contact;encounter_success,INTEGRATED_EVENT_BINDING
vesper-nyx:recruit:orion-vell,6,encounter_intro;combat_contact;encounter_success,INTEGRATED_EVENT_BINDING
vesper-nyx:recruit:ember-vale,6,encounter_intro;combat_contact;encounter_success,INTEGRATED_EVENT_BINDING
vesper-nyx:recruit:nix-calder,6,encounter_intro;combat_contact;encounter_success,INTEGRATED_EVENT_BINDING
vesper-nyx:recruit:rook-ironside,6,encounter_intro;combat_contact;encounter_success,INTEGRATED_EVENT_BINDING
vesper-nyx:recruit:kaia-windrow,6,encounter_intro;combat_contact;encounter_success,INTEGRATED_EVENT_BINDING
vesper-nyx:recruit:juno-spark,6,encounter_intro;combat_contact;encounter_success,INTEGRATED_EVENT_BINDING
vesper-nyx:accord,9,scene_start;scene_resolution,INTEGRATED_EVENT_BINDING
vesper-nyx:catastrophe,10,scene_start;scene_turn;scene_resolution,INTEGRATED_EVENT_BINDING
vesper-nyx:impossible_battle_1,6,encounter_intro;cosmic_engaged;encounter_success,INTEGRATED_EVENT_BINDING
vesper-nyx:first_loss,16,encounter_intro;decision_made;first_loss_signal;first_loss_resolved,INTEGRATED_EVENT_BINDING
vesper-nyx:puppet_imbalance,6,encounter_intro;puppet_contact;encounter_success,INTEGRATED_EVENT_BINDING
vesper-nyx:first_release,6,encounter_intro;release_ready;puppet_released;essence_earned,INTEGRATED_EVENT_BINDING
vesper-nyx:equilibrium,6,encounter_intro;center_guard;encounter_success,INTEGRATED_EVENT_BINDING
vesper-nyx:dual_release_1,5,encounter_intro;release_ready;puppet_released;essence_earned,INTEGRATED_EVENT_BINDING
vesper-nyx:dual_release_2,6,encounter_intro;release_ready;puppet_released;essence_earned,INTEGRATED_EVENT_BINDING
vesper-nyx:prismatic_gray,7,encounter_intro;gray_signals_collected;transformation_started;gray_manifested,INTEGRATED_EVENT_BINDING
vesper-nyx:impossible_battle_2,10,encounter_intro;gray_combat_action;encounter_success,INTEGRATED_EVENT_BINDING
vesper-nyx:epilogue,7,scene_start;scene_turn;scene_resolution,INTEGRATED_EVENT_BINDING
vesper-nyx:unlock,4,scene_start;scene_turn;scene_resolution,INTEGRATED_EVENT_BINDING
sevenfold:reunion,10,encounter_intro;reunion_signal;encounter_success,INTEGRATED_EVENT_BINDING
sevenfold:trial,9,encounter_intro;trial_identity:rook-ironside;trial_identity:juno-spark;trial_identity:nix-calder;trial_identity:orion-vell;trial_identity:vesper-nyx;encounter_success,INTEGRATED_EVENT_BINDING
sevenfold:equilibrium,11,encounter_intro;equilibrium_signal;encounter_success,INTEGRATED_EVENT_BINDING
sevenfold:conversation,10,scene_start;scene_turn;scene_resolution,INTEGRATED_EVENT_BINDING
sevenfold:unlock,9,scene_start;scene_turn;scene_resolution,INTEGRATED_EVENT_BINDING
