fighter_id,compiled_move_studies,normal_input_moves_observed,captures,idle_movement_guard_charge_reaction_victory_defeat,male_female_deformation_and_frame_seek,elemental_events,live_audio_bank_and_lifecycle,final_choreography,cosmic_boss_vs_playable,human_pass
ember-vale,24,8,ember-vale;signature_ember-vale,COMPILED_CANDIDATE_STUDIES; FINAL_TRANSITIONS_AND_ACTING_PENDING,TECHNICAL_PASS_BOTH; ALL_MOVE_CONTACT_MEASUREMENT_PENDING,13,TECHNICAL_PASS; HUMAN_MIX_PENDING,False,NOT_APPLICABLE,False
juno-spark,24,8,juno-spark;signature_juno-spark,COMPILED_CANDIDATE_STUDIES; FINAL_TRANSITIONS_AND_ACTING_PENDING,TECHNICAL_PASS_BOTH; ALL_MOVE_CONTACT_MEASUREMENT_PENDING,13,TECHNICAL_PASS; HUMAN_MIX_PENDING,False,NOT_APPLICABLE,False
kaia-windrow,24,8,kaia-windrow,COMPILED_CANDIDATE_STUDIES; FINAL_TRANSITIONS_AND_ACTING_PENDING,TECHNICAL_PASS_BOTH; ALL_MOVE_CONTACT_MEASUREMENT_PENDING,13,TECHNICAL_PASS; HUMAN_MIX_PENDING,False,NOT_APPLICABLE,False
nix-calder,24,8,nix-calder,COMPILED_CANDIDATE_STUDIES; FINAL_TRANSITIONS_AND_ACTING_PENDING,TECHNICAL_PASS_BOTH; ALL_MOVE_CONTACT_MEASUREMENT_PENDING,13,TECHNICAL_PASS; HUMAN_MIX_PENDING,False,NOT_APPLICABLE,False
orion-vell,24,8,orion-vell,COMPILED_CANDIDATE_STUDIES; FINAL_TRANSITIONS_AND_ACTING_PENDING,TECHNICAL_PASS_BOTH; ALL_MOVE_CONTACT_MEASUREMENT_PENDING,13,TECHNICAL_PASS; HUMAN_MIX_PENDING,False,NOT_APPLICABLE,False
rook-ironside,24,9,rook-ironside,COMPILED_CANDIDATE_STUDIES; FINAL_TRANSITIONS_AND_ACTING_PENDING,TECHNICAL_PASS_BOTH; ALL_MOVE_CONTACT_MEASUREMENT_PENDING,13,TECHNICAL_PASS; HUMAN_MIX_PENDING,False,NOT_APPLICABLE,False
vesper-nyx,24,8,vesper-nyx,COMPILED_CANDIDATE_STUDIES; FINAL_TRANSITIONS_AND_ACTING_PENDING,TECHNICAL_PASS_BOTH; ALL_MOVE_CONTACT_MEASUREMENT_PENDING,13,TECHNICAL_PASS; HUMAN_MIX_PENDING,False,NOT_APPLICABLE,False
yang,24,8,yang,COMPILED_CANDIDATE_STUDIES; FINAL_TRANSITIONS_AND_ACTING_PENDING,TECHNICAL_PASS_BOTH; ALL_MOVE_CONTACT_MEASUREMENT_PENDING,13,TECHNICAL_PASS; HUMAN_MIX_PENDING,False,SEPARATE_SCALE_AWARE_BOSS_CHOREOGRAPHY_PENDING,False
yin,24,8,yin,COMPILED_CANDIDATE_STUDIES; FINAL_TRANSITIONS_AND_ACTING_PENDING,TECHNICAL_PASS_BOTH; ALL_MOVE_CONTACT_MEASUREMENT_PENDING,13,TECHNICAL_PASS; HUMAN_MIX_PENDING,False,SEPARATE_SCALE_AWARE_BOSS_CHOREOGRAPHY_PENDING,False
